asa_id,name,latest_transfer_date,tx_id,staked_date,not_moved_days,staked_days,eligible
326189642,Al Goanna 001,2021-11-09 01:58:34,SM3EVD7EVB7URTQRIVYD5EM2TCUTR3TXMFXVFBB7LXY4WPZYVIDA,2021-11-13 00:17:00,29,25,No
326197463,Al Goanna 002,2021-11-08 19:24:05,3L62KEVQZGNCNNEQRY763T5BX3ROUMBUPNG7K4DFQRRALBNQIJIQ,2021-11-09 16:36:00,29,28,No
328494610,Al Goanna 003,2021-09-11 17:00:14,NG5WFGKRZYVTV7RTV2KBUBECJP6MNBPXWILK4O4RKMRRTLWXOANQ,2021-10-14 08:02:00,87,55,No
328495176,Al Goanna 004,2021-09-17 13:40:39,XACVH7JGKTUVUOALPBLFQGF2RCFIU4KABVSOVHRJQCH2QSVD26WQ,2021-10-13 12:51:00,81,55,No
328496756,Al Goanna 005,2021-11-08 19:19:48,JG6LZ2IKQIBVRU7UFLPU6527COY4VPFD56LQ6YLDAQLN2NY7FBLQ,2021-11-09 16:45:00,29,28,No
328497556,Al Goanna 006,2021-09-11 17:18:04,ZIBSS6EQU3SED3AK6FWVT3RBULBU7LKUJY5P4LHWL7PL4NIETAOA,2021-11-02 12:28:00,87,35,No
328498815,Al Goanna 007,2021-09-11 17:35:47,QAFXLXQAK4IYZKRSE64V2RWRBTQIQ2ISMNYZ2CTTPXT52KZC4EBQ,2021-11-02 12:29:00,87,35,No
328499699,Al Goanna 008,2021-10-15 14:16:29,2ZHVTQM2RYGGUIGW3ASOL4W5FEOKLCUFRSTUHXQLLZOSGN23KWNQ,2021-10-15 14:17:00,53,53,No
328500390,Al Goanna 009,2021-09-11 17:21:36,YG6LEXP3P5JBH5GL6UKISK7T5HEUDWWQNGWQTAXQ2EUCEUGEFSMQ,2021-10-14 04:29:00,87,55,No
328501539,Al Goanna 010,2021-10-07 06:14:52,KLBGJFGPRHMCTYMCJ6JIPAEHJZER5TVXBGBHAISWRS6W3M2FR5ZQ,2021-10-14 19:35:00,62,54,No
328502288,Al Goanna 011,2021-10-23 09:03:55,NGQPHCFMXUXRHJX4C5IJPLBYZGUSKMSOCNCNIE2GQFI54HWL5GKQ,2021-10-23 09:08:00,46,46,No
328503002,Al Goanna 012,2021-09-11 18:10:22,HGG644FZX2ZB3C63NZAHARUYOC2L2BSUJZMCFAS7G52LSL7JAWUQ,2021-11-02 12:30:00,87,35,No
328503506,Al Goanna 013,2021-11-30 15:50:20,2YXFCLXHTDX4K6KFUHP3N34ZXD47DVYEOWQ4Y2ARSUVHA3ONTLQA,NOT STAKED,7,0,No
328504167,Al Goanna 014,2021-10-03 03:35:00,S5KRHUQ7NJANXT6ZFOOJ3K6WFNPDLB54WAPPP3KG4FUIWHAPXGNQ,2021-10-14 19:36:00,66,54,No
328505062,Al Goanna 015,2021-09-13 07:18:24,BPYDBYDUXIZETENJGUYGJDEHWRPMPE6S2ILAL3YOXFK3ZRT6MYXQ,2021-10-13 08:56:00,86,56,Yes
328505825,Al Goanna 016,2021-10-13 17:17:12,2JDAWJ2A473SCAXUQN2LWJ5NADJUNIXZYODW5HR6II5EHZWKGC5Q,2021-10-13 17:21:00,55,55,No
328506449,Al Goanna 017,2021-11-17 16:25:20,BWOMQ7BU7U3AYVKX7QGP4V6G53BFRS2YMR5FH5VD5VH4CSIHCUUA,2021-11-17 16:33:00,20,20,No
328507319,Al Goanna 018,2021-12-06 03:00:31,KUDE2TW7YKR2KGVYNMDF32YKSPAWTG6JQSGOKSBWME3CTEFC2YRQ,2021-12-06 03:30:00,2,2,No
328507916,Al Goanna 019,2021-11-30 15:50:55,QKQCKEWVCCPOHEN5VA4U7VMXEON7HFVTTCC4PP3MCJZLK6XAMQMA,NOT STAKED,7,0,No
328517537,Al Goanna 020,2021-09-17 18:21:07,VV2VICIBCGCSDHJLMEWP2SF35WFORCYAS5Y2PW6IBT23GYI2ZC7A,2021-11-11 20:55:00,81,26,No
328520459,Al Goanna 021,2021-09-11 17:35:34,QQ6SGFT7IDSKZ32VBL6TSKXDOCGRPYFIVNEQTPJSZLHJWUXUIDLQ,NOT STAKED,87,0,No
328521744,Al Goanna 022,2021-10-13 13:07:53,JBTLFUYXFIQZCRY6MJT5ZX2KRQ4DNAKLWBN3CS4UREG23PCTYJ6Q,2021-10-13 13:11:00,55,55,No
328522422,Al Goanna 023,2021-09-11 18:13:34,URFGGI6FCRPZ3X4KCMPAHA2TXYQAHN4KLA7TSPOT5CJ4JJ7XDPXA,2021-10-13 13:54:00,87,55,No
328523922,Al Goanna 024,2021-09-22 10:39:06,ZIXOGIVMNGGDSQDFLCEYYHLFYM5C7NQ4HLQO7QAE4KTEBCIP6WEA,2021-10-13 12:55:00,77,55,No
328524762,Al Goanna 025,2021-10-13 15:48:49,IHVRHPOQN5BGNHYWT6YAICLTDCJ3OGTAVFFUZNB2XM5JRJL4Z3BA,2021-10-13 15:50:00,55,55,No
328526043,Al Goanna 026,2021-09-21 15:57:36,F4GNBIPBU3ND43BGN33ZE54UTTFLV64TTQ3VB6Z443ZXFAICJCBQ,2021-10-31 22:56:00,77,37,No
328527340,Al Goanna 027,2021-09-14 18:57:25,JI64UPA77PCO6MR6CZ4TXFX2PXD5DRLSV2CZEJNQPTE52MRQ3RAA,2021-11-09 16:35:00,84,28,No
328528518,Al Goanna 028,2021-09-21 14:46:18,4FGCNGL42ZL5MYSREK4BLGOJ2BSY2AB3MIFQDGVMPK6YKUSHQBZQ,2021-10-14 23:12:00,77,54,No
328530483,Al Goanna 029,2021-09-16 23:51:55,ZPFTBMWRFCDSDX264IU7ZOCZRTNI6T5VXFW4D5PQAIWIZM6DWDKA,2021-10-13 12:33:00,82,55,No
328536863,Al Goanna 030,2021-09-11 18:08:46,S6FJBRH7ETLCALFMLFOC43F25445A5QW62BSNOYLIVLNUTEE3PHA,2021-10-14 04:40:00,87,55,No
328537993,Al Goanna 031,2021-09-11 17:08:47,COHDGQXPZIKOHDHBRZRR7EBINPNQHDIRFM5C7WDJP7MYCJHNL23Q,2021-10-13 11:35:00,87,56,Yes
328539074,Al Goanna 032,2021-11-01 04:40:16,QO65YKPTLPOBTEMQF7EVDC5ECT6ROSUSBQLLFN7YSDHDAGBRS7EQ,2021-11-01 04:50:00,37,37,No
328539965,Al Goanna 033,2021-09-11 18:00:52,UI4F52AIVBUYWBRIEDOWRHSXLSVCKGEVHNDL7Z5EFGJIBE3IV2DA,NOT STAKED,87,0,No
328540781,Al Goanna 034,2021-10-27 12:07:05,EQNDRSMYFPVXOS2XDWJFERSA2GDJ6R6PWU76G32T2NVYSCWFLQZQ,2021-10-14 02:20:00,41,55,No
328541524,Al Goanna 035,2021-09-11 18:13:51,ZX5B37TOUU4ZQXU5LDYEFBSGXRUERRFG27OHQREI4LLFSQCVKZDQ,2021-10-13 10:14:00,87,56,Yes
328542664,Al Goanna 036,2021-11-08 02:25:34,NL6CX4HZAXUAX47AC2YHMA4AZR3UV342J5PRX222PTKJW7QJFY7A,2021-11-08 02:47:00,30,30,No
328543527,Al Goanna 037,2021-09-13 01:06:20,42SWTCKAIDDSWCSWIOPOE47XRTWLJJCRJNXQHII7Z6QJXHZCXPUQ,2021-10-13 11:35:00,86,56,Yes
328544786,Al Goanna 038,2021-10-14 03:46:05,JEWVNVVVMQSAORMC3OZQITVANBHS7QQWUBDCVMUQ35GWHG23E6GQ,2021-10-14 03:49:00,55,55,No
328545759,Al Goanna 039,2021-10-21 06:33:36,E2YAYP5XPFUBKQKLUCNTI722FALNM4OEPMCERHPG2OICOUCFIXCQ,2021-10-21 21:27:00,48,47,No
328546381,Al Goanna 040,2021-10-18 23:05:25,UAZNPO2XCZXNHYZVEFHOLJOEYYRVREYIJ7N5LKR5Y5TIYHO2MGIA,2021-10-18 23:13:00,50,50,No
328550271,Al Goanna 041,2021-12-04 11:54:08,P5VMIXHMJQHSI6BUQBYYM3EXV7AJPCQM5AE3GPXBRY7SM6DOE3BA,2021-12-04 12:00:00,3,3,No
328558722,Al Goanna 042,2021-09-11 17:37:46,ET7ZHG5YFSXIGWQVRUFGU2LATB2YYLVMMRHBRUPKXMVW36IZVUCQ,NOT STAKED,87,0,No
328559225,Al Goanna 043,2021-09-27 18:38:13,LYTOMJY4QCOOZGWFJWO7CLGUE2BBPMGCVNHILKCITBD3KICJPZRQ,2021-11-09 16:36:00,71,28,No
328559956,Al Goanna 044,2021-11-18 08:12:43,2CELRGZPM2JJ2ZTFPHKPQ2KTU64S5UGARKBXLUUFKOOP5TYNG3NA,NOT STAKED,20,0,No
328560895,Al Goanna 045,2021-10-10 15:17:08,INPCYBTD7VZYC663ZH7E5WNWXSZ6NAHJM7Z7FZEJO2WUYA7PXCMQ,2021-10-13 09:45:00,58,56,Yes
328562025,Al Goanna 046,2021-09-11 20:01:58,OUAA5HTZY7EBDTXHNQ7J56ZPKFVERAHHC62UYEAP6A3AC6JO6HKQ,2021-10-13 08:51:00,87,56,Yes
328562778,Al Goanna 047,2021-11-01 22:47:37,V5DRQEKZUNEBGMSOHH6FNRBE5DZPJCJ4FWSVRSRLGKQNV7OE4VCA,2021-11-12 07:02:00,36,26,No
328563689,Al Goanna 048,2021-09-11 17:34:50,X3VPBE3VD4LEKEQSWWLEYVUC3WWRCDCXWYYM2DG7EIHCY6K5VXTA,NOT STAKED,87,0,No
328565014,Al Goanna 049,2021-12-06 00:20:57,CBP3RTQ7DFP7L7MKQGPFSXFKMCVJGQSOPFB5SSTNRWZHMFKJM6TA,2021-12-06 00:28:00,2,2,No
328566193,Al Goanna 050,2021-09-11 18:07:58,VIHDL3W3QOYOUPQZIR5ESLWVIUU2NBRRYFNNFRAALBZG2WOYVSWQ,2021-11-02 12:30:00,87,35,No
329839470,Al Goanna 051,2021-09-21 12:30:46,OI2EWYURIZ7UJ2HTMIO3JNNBNXPGKDQKHITP45IYEWWQNUBOGUVA,2021-11-12 06:59:00,77,26,No
330597170,Al Goanna 052,2021-10-29 18:45:31,VWTOSHGFMBBQSMKLXC4BE4TTE473OK2ONDJHFLHJUBZJPV4GJXZA,2021-10-29 19:20:00,39,39,No
330598116,Al Goanna 053,2021-09-13 04:30:33,SJD3KAYKIHKKR5GDI3ZRJSH3J6NYZJGNATKQE32N4WJLYSEHLBAQ,NOT STAKED,86,0,No
330598680,Al Goanna 054,2021-12-06 07:27:00,3K3HZ5DXGD6OUGGXTKPYF2UOW3SS3XG6GAWFSBSSTPIFTO7LDC4Q,2021-11-11 21:52:00,2,26,No
330599549,Al Goanna 055,2021-09-13 04:31:08,EMPJGEJV7HVHX7IFK5ONM4IDOLZXBY34TIGUQNEADBXVX6TORCJQ,NOT STAKED,86,0,No
330600155,Al Goanna 056,2021-10-13 23:11:20,ZB4MO5LRHVQRVEZ6P5GFPF6UYLXLUIKIWM2I2JOOLBMUFKWX5XBQ,2021-10-14 00:27:00,55,55,No
334782287,Al Goanna 057,2021-10-15 04:36:23,VLEOGIHSSYWSIULSIPJLUW25VMSVDO5RQR6QZYVOOENX3ZZ3B5HA,2021-10-27 08:00:00,54,42,No
334783124,Al Goanna 058,2021-09-27 14:40:39,A222YAFFGZ4HJ7TUDMSGOCFF74E3LLBBR3ZUCX2FWHVBBYGLUIUQ,2021-10-14 00:38:00,71,55,No
334794211,Al Goanna 059,2021-09-21 15:40:31,3UZB5DNED5TNWZTKQP7TUIMWKTT36YDWSHF7QOMJLFI3R2373T4Q,2021-10-23 18:54:00,77,45,No
334794938,Al Goanna 060,2021-10-05 04:23:57,YTRFKRSFB5RGDBZZG33GKJD42E5OC7O6IQSMWYFPXFHK5MKAYZWA,2021-11-05 17:25:00,64,32,No
334795728,Al Goanna 061,2021-09-23 19:56:44,M4NFWK2Z4UVLBZIHXK4UH5HGE7Y5TB2NCELLUCFKA7X6XSVV6J3Q,2021-10-13 13:34:00,75,55,No
334797107,Al Goanna 062,2021-09-22 03:10:21,4CAIJBFKTHNUNRWAUIIJTWBD2IVUOY3XGI6HEXYV5GT3HT67V3AQ,2021-10-13 14:48:00,77,55,No
334797672,Al Goanna 063,2021-10-03 23:41:35,6KTQXFJRWZAHAB2SAUROP5JPLIA3WK2AFZUZJ4YFKE5HHXGMK2WA,2021-10-14 13:28:00,65,54,No
334798386,Al Goanna 064,2021-09-28 01:53:08,2GHPGC7Y4ETD6TDERWJEBQ5JLDFIPFLEFKLMFXMIX5K4DQJSJQKQ,2021-10-13 10:49:00,71,56,Yes
334799499,Al Goanna 065,2021-09-19 21:28:08,RT5MCP6UI7IIEY4ZJOVUYUG25YIXNXZCZESZTHBDQPMOV5P4NLRA,2021-10-13 19:06:00,79,55,No
334800560,Al Goanna 066,2021-10-30 15:25:01,XT5SRKBWRAXVNHOLMDLPMC6B62BBR46A73YYYW25FT7WPCGD72CQ,2021-10-30 15:42:00,38,38,No
334801479,Al Goanna 067,2021-12-05 18:02:56,HJVX2Y7AZQZIORWPUDIZYUVHPM5C4IKAZKDNSA5US3V6W5R5FVCA,2021-12-05 18:17:00,2,2,No
334802763,Al Goanna 068,2021-10-21 22:12:13,7J5VINK2CK7IDQVIKMMNJVLGOOCYD4SVEH7A7KEGP255KWHWWS5Q,2021-10-21 22:19:00,47,47,No
335090720,Al Goanna 069,2021-12-05 18:44:32,57GND37LFFLVUO6333N64RQLAYIEOZC4FZV75HZDR2TXW7V5HAYA,2021-12-05 18:51:00,2,2,No
335091495,Al Goanna 070,2021-10-11 01:48:36,MCTWV5JG7I7S6I4UCD263KSZIM3BI54JQYOPB2G5QTZZR3XWUVEQ,2021-10-13 16:10:00,58,55,No
335119178,Al Goanna 071,2021-09-19 21:42:47,PF36UHFRTLWEPSJ6UJ7FSR3JLREC3AIM3TA5Z5QZD25BU3RMVZLQ,2021-10-14 04:05:00,79,55,No
335121926,Al Goanna 072,2021-09-22 01:21:19,376LUIOYQUO7HYYL33PPPNWEXMRTAJEY62DNKGKLS6QR6FZJMA3Q,2021-10-15 01:55:00,77,54,No
335127139,Al Goanna 073,2021-09-19 22:11:54,473GIC4NDDEHLX5JLPTZDE274GVIFNDWAVN3QLNWJAF6WP2WJTKA,2021-10-13 17:50:00,79,55,No
335128012,Al Goanna 074,2021-09-20 00:14:10,CIU42JT55FUJ647RRQ6X4QOZLRKP4TEECLIEHRSEKD5R4DPFNPEA,2021-10-14 00:44:00,79,55,No
335130906,Al Goanna 075,2021-10-12 05:57:08,K7EUNNSETHWOJAERQHBCVWTRFTKP4IKT4T7RKQOFTNAETWKJQQPQ,2021-10-24 06:42:00,57,45,No
335131430,Al Goanna 076,2021-10-01 20:14:25,3XY7LWFXOO6GAWKLY6VDELCW2G446CJZJZJBD65QI2OSJEGEMDDA,2021-10-13 13:43:00,67,55,No
335136344,Al Goanna 077,2021-10-13 19:26:48,56LIYZOYYG3ZPIM2DNYISFI3EQ2NG3VBMGOMCTXAMZVS3HTRLOJA,2021-10-13 19:31:00,55,55,No
335136993,Al Goanna 078,2021-09-19 21:27:42,77M2AXKE4TZJGTIXVEXS3SIECPPWYLBAM2RLQPM2GQMCBWLENUVA,2021-10-13 20:59:00,79,55,No
335137631,Al Goanna 079,2021-09-19 21:36:51,MF4534KOOTEGESUXNVJH4RUEREKCCDQDULM6QQWVNDDUCZ7ATQDA,2021-10-13 20:09:00,79,55,No
335138360,Al Goanna 080,2021-09-19 21:24:52,6UD3ZMUPSMD2VF2ZREDU26ZFMUITED7TNHNDTFL6PXE6T7FYL4LA,2021-10-13 14:12:00,79,55,No
335138808,Al Goanna 081,2021-09-20 01:03:19,N4APDCXETP6OCWSEH4N7AYMZNN4VUIBSBEJAJOOXCS5PSPEQYYQQ,NOT STAKED,79,0,No
335139687,Al Goanna 82,2021-11-18 10:00:51,LUX74XYB6QRUTBWU3IBJKCQJ4PZ7CHASBFS6O3EV6MOBVGJ63X2A,2021-11-20 03:36:00,20,18,No
335140288,Al Goanna 083,2021-12-05 23:26:53,QRB3PFUHFJGSXZYMFOZS5FZQAELHVJ4H3ZU56PEYOLXAMCWVY77Q,2021-12-05 23:32:00,2,2,No
335141021,Al Goanna 084,2021-09-23 11:48:54,7FOQ72NTY5GJQGXZZH6LXNM2UBRPXBBYQO4ERZTQ7OVVRPG65UXA,NOT STAKED,75,0,No
335141503,Al Goanna 085,2021-09-20 20:00:41,FZDZNVWGQ7SR7XANP7LD2LVOVBSLINBHHFKY4A4NZ7WHIVCQJTXQ,2021-12-04 21:11:00,78,3,No
335149637,Al Goanna 086,2021-09-25 13:18:09,S3M65FX26RTT4YDWCOOIKTDXEX6CUORGSUEMYMKN6FSUJOKRPAZA,2021-10-13 13:34:00,73,55,No
335150149,Al Goanna 087,2021-11-10 11:39:38,KGPGAH3THBZVHNXBFWZQ2RQB2ZFYOYIXROGBRURR2UWOFONYFFPQ,2021-11-10 11:47:00,27,27,No
335150903,Al Goanna 088,2021-10-02 05:54:41,WPURNKAVVSQW5E5E75233WLOZE46UUZL5L7CL2ZKHLTK2SZTOEYQ,2021-10-13 11:50:00,67,55,No
335151590,Al Goanna 089,2021-09-20 10:55:06,XG2P2SBIQWNQECWJSQNW76LXTAGOORT5YD3W5CBZOD5LPSFQZJIQ,2021-10-13 18:22:00,79,55,No
335153323,Al Goanna 090,2021-09-20 03:35:18,LZVS6KAFFBM64XOGILCCN4NZXDVQ6AL5DZ55OF3HK47XZO4A2DTA,2021-10-14 00:22:00,79,55,No
335154671,Al Goanna 091,2021-10-20 03:05:17,JJ2N6LCMEAGLK3HXRO6EWH5ULKT743SKBUPVLCFZ6APWAXHEISZQ,2021-10-20 03:21:00,49,49,No
335155248,Al Goanna 092,2021-12-06 04:17:03,W2J43YHZD6EFOTBYSJRU65TQWNU63XNS6FD7TCMRFDZ6GAVQJZUQ,2021-12-06 04:22:00,2,2,No
335155944,Al Goanna 093,2021-10-14 02:33:09,BLBZ3DH3DH2MUJPBITUETKFP2MFHEFK5BQBFRNK6QFVHXQIKLRHA,2021-10-14 11:53:00,55,54,No
335166547,Al Goanna 094,2021-09-19 21:28:47,AXODRGGE6EVQMXDJYT7BLA62ETKNFHB2MFE5BVAYE44GSBH35Q5Q,2021-10-26 18:30:00,79,42,No
335166961,Al Goanna 095,2021-10-03 23:31:54,74T2SKNBKMFJ4F5PDD4G5SYY4N7NGYF53CWRQBTFMJDJ4KI4Y3HQ,2021-10-14 04:49:00,65,55,No
335167490,Al Goanna 096,2021-09-20 10:56:57,25UB6T5YYYZKC6TVTYPLWRKJJWQDET6DQAEIXA7ZF6DWSOJOEF6Q,2021-10-13 18:23:00,79,55,No
335180015,Al Goanna 097,2021-10-14 16:52:15,M3BHY5LTQQPY7YLUIIHWUDXM3HAB3Z4OWGWHZ52F43LFHC76XREQ,2021-10-19 16:52:00,54,49,No
335181136,Al Goanna 098,2021-10-07 22:48:33,AHIFQZVATWGKCGZX4JSUJG5U2FXC7EJGJEMJVS5KP2RAQFATCATQ,2021-10-13 18:34:00,61,55,No
335181726,Al Goanna 099,2021-09-20 05:50:33,3KVU53KLQ5FWVDLZIEFHP4Z5TTLF3QTLNLSVUT3FB6GUOO7CN2TA,2021-10-14 10:10:00,79,55,No
337012363,Al Goanna 100,2021-10-12 12:16:50,FVFPD7T4E4M3SAJVPUDC76QPNFOYDGHSGMCTW6K2G7MEEE4QPBSQ,2021-12-06 04:39:00,56,2,No
337012926,Al Goanna 101,2021-09-22 19:27:47,KOYYJSVCPEKAWNF2JFQEK3NWMNVO4CDDOSJC6Z7L6VHD7KDVILIA,2021-10-18 10:20:00,76,51,No
337013855,Al Goanna 102,2021-11-01 23:35:03,OQH5MOIXEPBMFXZOLUAHKGGKCNQ5NOSZYJGDJHJM2NBE7YOKPM5A,2021-11-09 16:44:00,36,28,No
337015250,Al Goanna 103,2021-10-14 19:41:48,2XFBVHAFVM5QTSTFVVKXLJA3FTIQOJKGUD7HU5QQ4UZEYTEOJLMA,2021-10-14 19:51:00,54,54,No
337015576,Al Goanna 104,2021-10-02 19:20:13,CERS72DXLS3MNSZFN5ST7FCOG3GJCWNREDLMRBC6QLCWHZVFOGGA,2021-10-13 12:20:00,66,55,No
337015864,Al Goanna 105,2021-09-19 22:40:34,XMV4G3YZCVAHJCB24YMTCLGPTMDTVXM7XI2CMDYHZKZUQGSK3OHQ,2021-10-15 19:56:00,79,53,No
337016411,Al Goanna 106,2021-09-19 22:00:43,VKPAMSLQ5J5PB3BVYVSKWEEE3OBYX6WKKDDL5D7M6PFAEDNCMC4A,NOT STAKED,79,0,No
342574076,Al Goanna 107,2021-09-27 18:58:58,YUG36476I6Q4P66IQA6P2LW5PHJPQWDVNYV3FUHKN4YJ6PAQG5NA,2021-10-13 12:56:00,71,55,No
342574643,Al Goanna 108,2021-10-06 23:00:39,MCUJHIFRZF4ZFZE7E6JXHGIUMU2MGKNIO4RSQEGDSW4UVL766L3Q,2021-10-13 18:23:00,62,55,No
342575058,Al Goanna 109,2021-10-13 09:42:30,O7QZQTF4SYSUYJ74S64DJSSWLOWEWS6OLQGHCLRHK6MVRJI4NGFA,2021-10-13 09:46:00,56,56,Yes
342575821,Al Goanna 110,2021-09-26 21:00:16,6RZUXLGJFXJ6UDYGPCIIXIM5BNJFQ7G5LJPILGW5K3LP5JUXD4WA,2021-10-13 11:36:00,72,56,Yes
342576301,Al Goanna 111,2021-12-06 19:14:16,QO3POJUFGS3BXLOOXZHV6ZW76OPEYRGIYVDJUY3M4BZQKEZU2V7Q,NOT STAKED,1,0,No
342576919,Al Goanna 112,2021-09-24 21:11:49,K5WQ3NSS4DJ7WS5OXF4K66MOA4JYDTIRWB6JY7ABJUOJRRREVFOQ,2021-10-13 16:31:00,74,55,No
342577575,Al Goanna 113,2021-09-23 19:27:24,PNDQSUG3MNWQKEMKGP2Y5IUBUYHJMSGXHK64XYFR3ELDWB32F4JQ,NOT STAKED,75,0,No
342578683,Al Goanna 114,2021-10-12 08:25:16,72VKKF46BTFPSZEB2GHIXF2JMUFE5HL6PKPK5SOWHYV55ANUCP3Q,NOT STAKED,57,0,No
342579388,Al Goanna 115,2021-10-31 08:42:08,BUAZ7BE5MZ67IHLEIADQYVQIWOBJ77XAZFZKLDAM5WOPLE35BHJA,2021-11-01 20:09:00,38,36,No
342579915,Al Goanna 116,2021-11-08 19:25:49,DAWLT7PV6SBTHVDEWPDWI7C4EKZ3XOIOKRPTAIXUN36WZGGOBUJA,2021-11-09 16:44:00,29,28,No
342581684,Al Goanna 117,2021-10-13 11:31:53,VFRKK3XEDCZUVB2SJ24OFXTQ5CRTSCT6N4GJQLXFIVT3RQDUZLSQ,2021-10-13 11:45:00,56,55,No
342582343,Al Goanna 118,2021-09-24 14:48:09,G5R3BRC26X35LX3BU4SRK4OJCJWI2UUMEZY6W5CKRZ6YFWBXXYGQ,2021-10-13 13:35:00,74,55,No
342583034,Al Goanna 119,2021-10-27 00:54:51,XVKEJO3ACDPA5R7QXOMY24PCQD4T6GJI543QAUIJ2KS6BHMOKYAQ,2021-10-27 01:06:00,42,42,No
342583957,Al Goanna 120,2021-11-03 15:21:34,FVDECGFQC45IPB33SGMMEQTIPOIM74RQDTMUG2CN4W55OEUMVAYQ,2021-11-03 16:32:00,34,34,No
342584684,Al Goanna 121,2021-09-26 20:35:54,JL3WGWYIODMGL27FCLG42353VQPGCUDHGZB2H3T2IR3LUIQD7THQ,2021-10-24 00:10:00,72,45,No
342589913,Al Goanna 122,2021-09-26 21:42:43,OENPUWOEVF5UP42MKMLLDKUFO3XAGT6335DAV3P42TEOINCGQQ3Q,2021-10-14 01:56:00,72,55,No
342591190,Al Goanna 123,2021-09-26 21:02:01,FCCCN3FG66LUYNAZYUJNUDU7YKRSMB2CP2IOBCR5CVMVBOPDP26Q,2021-10-13 08:48:00,72,56,Yes
342592000,Al Goanna 124,2021-11-20 04:43:26,MDDZNRZAPZMEEN75PS2CKIQBPOPH4HZQUR3EJF3FIDYTE6CEWX4A,2021-11-20 05:20:00,18,18,No
342593153,Al Goanna 125,2021-09-26 21:00:16,ICZBUOCZOE4KWRS7DB7REJAZ6P3UTEVERYQ7SHVY7GQKLSKUCIKA,2021-10-13 16:33:00,72,55,No
342594016,Al Goanna 126,2021-09-26 21:34:51,E2SKDTHDPJQJNYFXCA4MHA5W4SDMZTCGXQBNVZR3GZEHVZFJSOXA,2021-10-13 08:47:00,72,56,Yes
342594798,Al Goanna 127,2021-09-26 21:40:10,F2KEBMZ4KVGI72IFV3O4N2WKXDZX5PBLKFQW5FBHCDGRN4CCYIMA,2021-10-13 08:49:00,72,56,Yes
342597464,Al Goanna 128,2021-09-26 22:02:26,JTD3IGWI2PHXHSL3SOUBEFGBGZONBAR4NYM2H6FWCH7DVVWME3EA,2021-10-13 16:20:00,72,55,No
342598236,Al Goanna 129,2021-10-26 16:07:38,D5KAADJHZKC5UVNZXTY7NSCZ5VMCMRMZQ7BGKWDMUB2QZ35EBOQA,2021-10-26 17:07:00,42,42,No
342599162,Al Goanna 130,2021-10-15 21:54:28,NIW6L7BVY6OBUQIT2FSPXJWKMPLAQNXNPJARG7XG6XXCPF2MZPLA,2021-10-15 22:18:00,53,53,No
342600767,Al Goanna 131,2021-10-10 00:43:31,SVIRAUTPF7DYDAY6PVELDAWFXATRZ76Z2DV44OZ3666NPBUV7ULQ,2021-10-15 14:20:00,59,53,No
342601496,Al Goanna 132,2021-10-14 21:41:27,RROBRF7J5K3EZYY4YC7DHYNI2WSZEFX4BII7DIGVKS3FOSIXMOPQ,2021-10-15 01:10:00,54,54,No
342602142,Al Goanna 133,2021-10-29 23:53:04,PWFTXULNG65OGPYLVC7UDKFWUOWYWVSYW7BOYJUXNQICGQEVY3ZQ,2021-10-30 00:37:00,39,39,No
342602925,Al Goanna 134,2021-10-29 00:17:26,WEQC52XUWBYYZN63UBI357SFD2Y5DB34ZF6BY4QGMHK4CPD3NLCQ,2021-10-29 00:22:00,40,40,No
342604022,Al Goanna 135,2021-09-26 22:15:11,DBVAZGPYEUXSIETJ5HVTU7IVZTVBPI34AKVRL6O53ZMIO6QI7VZA,2021-10-13 13:47:00,72,55,No
342610168,Al Goanna 136,2021-09-26 21:53:38,Q6CCJ7LP5XKTEWEBSOQZZ4UYW6CM2TV7OIAHBJQPSIJLVTW4TNEQ,2021-10-13 16:49:00,72,55,No
342610860,Al Goanna 137,2021-09-27 01:26:07,HLIH73W65QOKE4WWAYZV772TURYXZDV4OPW5L63KVSKCMD7XA2LA,2021-11-06 20:29:00,72,31,No
342612630,Al Goanna 138,2021-09-26 21:00:25,UF6EKFRIV53EOSVQGTDGIOA7SS7DA35NX33STHNZBAZ2GTFHXTTA,2021-10-14 08:19:00,72,55,No
342613206,Al Goanna 139,2021-09-26 21:06:02,4KBF7WV2ASY3QT5K6KLL2WKVPXBXJKCDZ3BD32ZJSM3H6CFOBOFA,2021-10-13 18:24:00,72,55,No
342614640,Al Goanna 140,2021-09-26 21:13:42,CSNTSZPKOWMEFYQBEH4BZ6AL4QF4A7HSXKS5I4LVMWOFG3ZJCVKA,2021-10-13 08:48:00,72,56,Yes
342616181,Al Goanna 141,2021-10-05 01:19:45,EWJWEPFQ4FSHNRCJD53Y44SWQVBSETJD5AGDKIRUDVKLZWIZRMQA,NOT STAKED,64,0,No
342617512,Al Goanna 142,2021-09-26 21:56:41,XUMQD3CQP32WBWLC7NXR6GTBVLZWMUXZTWAHMOC5VKBNMI5OVDQA,2021-10-14 19:36:00,72,54,No
342618350,Al Goanna 143,2021-12-04 16:24:16,6NQQX6ZDVS5ODWP7SQZ75NNEGUDSOKCRCNMPPI3H56YJSP5E3NIA,2021-12-04 16:50:00,3,3,No
342629086,Al Goanna 144,2021-10-14 00:49:16,WSHSL3PW5G4WNVKRKZDFZ543DRA3OG7DR5JOSEPFOVTL6ODOEW5Q,2021-10-14 00:59:00,55,55,No
342629720,Al Goanna 145,2021-12-04 21:24:06,KNMGTP7VHZRMS7VK6JDKUKGW3N6MOKEWCETXO7VG6DBKKABRQYIQ,2021-12-04 21:25:00,3,3,No
342630781,Al Goanna 146,2021-11-29 13:26:42,D5IXOEKXFH2SZ24HMK3YXGA67ZDGBA3YLJMCTOAHD2AUKOQVUDDA,2021-10-13 18:35:00,8,55,No
342631450,Al Goanna 147,2021-10-14 15:06:20,SS6TOB7IHH77VZPGNAK2ECYCV7VGSBTB6NU424LNTYT7NTCUIPAQ,2021-10-14 20:10:00,54,54,No
342632405,Al Goanna 148,2021-11-17 12:32:12,XGK4YWK7CCDWERRTZIACRPCAQYNFYKYDW3UVNGX6NURPLALGQ6SQ,2021-10-13 08:58:00,20,56,No
342633196,Al Goanna 149,2021-09-26 22:10:23,D25CITEE44SD3SALGUMLPAWTSPIEI532JGMWOZVLQDXYBSPLS45A,2021-10-20 12:58:00,72,48,No
342634204,Al Goanna 150,2021-09-26 22:14:54,CHUK7VABDYP7KVWTE2TLHJ2JQ65DEUAC3SEKC2YUGUDYQC6WPCUA,2021-10-13 09:47:00,72,56,Yes
342634860,Al Goanna 151,2021-10-13 08:49:35,FBWMLVNKWXG7NY5QY2YE5XGMCICGYOBVX2PHLFTCYRTADFM6G4TQ,2021-10-13 09:01:00,56,56,Yes
342635929,Al Goanna 152,2021-09-26 22:13:43,2FLGAO7XN5EVVPKE3MMA5NINQBIXSCVWMD3KCEGSE6ODNKFUMPJA,2021-10-31 20:21:00,72,37,No
342636903,Al Goanna 153,2021-09-27 00:31:06,6ZFUEOFDDMK7PN5YMUN7GNYWR7FBWRHRVB7N2PSPWUSOVC6KX4SA,2021-10-14 00:39:00,72,55,No
342638033,Al Goanna 154,2021-10-14 08:19:23,I4WBE7TEJP2T6WO3JXF6L5G5YIRAM3SIDBROVT2CQNCB4AZOCH4A,2021-10-14 08:59:00,55,55,No
342638767,Al Goanna 155,2021-11-12 14:15:19,SPI2AAAWHMLBLIOTRMGLGP3PVN7DYCSIQCYQUHTRDVRSEQ7TJJDQ,2021-10-13 12:15:00,25,55,No
342639884,Al Goanna 156,2021-10-09 18:44:18,BTLH5YNPP2CZT6FWJ3TOQ3VWH4MS3CBOH3EUEN6HBMLPZ2FOYTFQ,2021-10-28 04:15:00,59,41,No
348421186,Al Goanna 157,2021-09-28 06:38:51,EBKPOJRDNCBCJ2WNANIV6MGDLP4SQJ6CJZWCWCBLI43ZDBZ5MPLA,2021-10-26 07:56:00,71,43,No
350960333,Al Goanna 158,2021-10-18 22:12:04,KFLPMPTVAZVSGXH5D2XEAOPGWHXIEBLFD5DPQ5UTQY52CEDWGAEQ,2021-10-18 22:15:00,50,50,No
350961963,Al Goanna 159,2021-10-09 02:40:13,CMG724RKW4AROBTNUWGOC2LGVH7WTI63COVCTNBCBFZ3JBTTAIPQ,2021-10-13 13:50:00,60,55,No
350986326,Al Goanna 160,2021-11-08 19:28:00,AI7KJN2MCLSSKCUQ5HMXSMCAEEZVEPIRK47ID2Y6LLSGKYCK7GHQ,2021-11-09 16:43:00,29,28,No
350986888,Al Goanna 161,2021-10-03 21:03:35,IDKQANILO2CZ6W3STHWDXKSIHJ2AFGZKFIDNTRVDWGJXJZWSQ7JA,2021-10-14 11:06:00,65,55,No
350987324,Al Goanna 162,2021-10-06 19:05:45,I3CGI7LN37PNHGWTLULYGOBB2CRM3SSAI2LILLM35XI3HD2CJ6YQ,2021-10-13 13:36:00,62,55,No
350988162,Al Goanna 163,2021-11-10 13:55:48,TWFHPJ46NUOBMVKK3BHRAVZSWUX33X6LGWC6HRQDA7DRXPGPEKBA,2021-10-23 11:11:00,27,46,No
350988713,Al Goanna 164,2021-11-18 23:42:22,DSMZURH7JI25RMKGPEEUPVSSFLB3ATEVIPDFE4L3RGO7CUVENJPA,2021-11-19 00:52:00,19,19,No
350989295,Al Goanna 165,2021-12-04 21:27:26,7LYWVIQKX4AH72X4J44MW7T2JVOJ7A72KSTRT5ALHSUSCKEYT4SQ,2021-12-04 21:26:00,3,3,No
350989983,Al Goanna 166,2021-10-11 03:36:57,A3DA3SD6XJ53CPNJMUU5PU7Q7LUVUVZZRMAUT4P2P5H5D4MMUFXA,2021-10-13 20:05:00,58,55,No
350990941,Al Goanna 167,2021-10-04 08:11:52,NUPWLZKWJ7LOHDBGCFHE5PYWJ7NJTCNKAWAS5UKUWWPDA3YRORCQ,2021-10-13 15:49:00,65,55,No
350992075,Al Goanna 168,2021-11-26 22:48:35,3HX6JJN2VH5KYKM4VBXQ4F53XZ2E57CXGWGUNAVNTOY77PBPHUQQ,2021-11-30 13:45:00,11,7,No
350992944,Al Goanna 169,2021-10-02 16:46:39,U6DFCHDQOX63ELYJ3IGXJZ3UIJHTM2V43KBINVS5DEXWG3BTGAXA,2021-10-13 15:16:00,66,55,No
351018216,Al Goanna 170,2021-10-03 14:37:26,3YAOJ6QFHPMY3HLGGJXJCRY3VZJCFBAISFPE3ZI3H7XJ4ZM57MJA,2021-10-14 00:28:00,65,55,No
351035082,Al Goanna 171,2021-12-05 02:29:43,IJSRFJPR3ZZVHSU5HDAEOTWNZX7H7RG3ZEK2AJF574VJ4MOEMDVA,NOT STAKED,3,0,No
351035582,Al Goanna 172,2021-10-02 21:24:56,73QAZNK24GU7N56M4IC6CF3CJ3VL4HTHD3MEP3RF45TW3Y3NQQTQ,2021-11-11 20:52:00,66,26,No
351036049,Al Goanna 173,2021-11-28 23:40:14,IKEL5HFEXYRBWOTDBKGSHDTYH5C46OVX6B3HD7S353JLYTVCOEPQ,2021-11-30 22:18:00,9,7,No
351036402,Al Goanna 174,2021-10-02 13:29:23,MJGUK4XAW5LWCHR7PKQJ6J2FHNQEQUK7AUK2X4SWPWAHEUDSEK6A,2021-10-13 14:49:00,66,55,No
351036782,Al Goanna 175,2021-10-14 13:50:06,VSBWCHQYVUBDOBEANKF52PNQ6AGKO4NGAFTZIZYD3ISH5SYKOUDA,2021-10-14 14:11:00,54,54,No
351045432,Al Goanna 176,2021-10-14 00:50:00,IYGL2VFIIBVJHHSCXLIENJMDDUKZI63ENZ5TJB5QKJTSO5MF34DA,2021-10-14 01:07:00,55,55,No
351045938,Al Goanna 177,2021-10-03 21:02:20,XE7US3XFQB4ZF7CSDF6DKHVMOBXSUSWEGF6RR74YC3T7KJC5H4GQ,2021-10-13 16:33:00,65,55,No
351046296,Al Goanna 178,2021-10-12 02:20:44,3CVJ2MZ73PC3IGCYDMNKZGMYYJOFFJDU7N5FPOWUSMWOKS672RFQ,2021-10-14 04:19:00,57,55,No
351046627,Al Goanna 179,2021-10-02 14:51:14,GXOY6D7OZQUI2WDGH6E5TR7PYJMWNCGFSLUPL4Z7JFFZLA3OQ7OA,2021-10-13 13:43:00,66,55,No
351047051,Al Goanna 180,2021-10-02 07:10:54,JFMMZLMNY46HOJV5AWXT3BST72UDY2LBYXH6SDOY7QCNKWOMKNLA,2021-10-14 08:43:00,67,55,No
351048078,Al Goanna 181,2021-10-24 22:17:41,S4RN3KSHNB27F32AWQPSPMBLOYMGOBPSHQFLSS2I367FGJ73JXEA,2021-10-24 22:24:00,44,44,No
351049039,Al Goanna 182,2021-10-30 04:32:41,GYVE5PSEON4BEZ7SEQRIRBB2SMSSURGITNQMBALFQTKGAIKFQWBA,2021-10-30 04:42:00,39,39,No
351049598,Al Goanna 183,2021-10-02 22:29:31,N47L63OT74L5KFBDERBNPGFLE7YW3OFOPNDQPSXSXPM7HO62CG7A,2021-10-13 11:41:00,66,55,No
351056027,Al Goanna 184,2021-10-02 06:29:09,GBF6FJSTQBFEZFR3US5BLAINWIJCUHHRGOTKJ4DAAMUL674OAVMA,2021-10-13 17:13:00,67,55,No
351056633,Al Goanna 185,2021-10-02 07:32:24,7SIV2QVMMHW7N77HHQIK4JNAPYP7WXDLPRCQBU2XJE7AZTHLZROQ,2021-10-13 08:56:00,67,56,Yes
351057416,Al Goanna 186,2021-10-02 19:58:56,E6LJ6U4X3VXOXYFVPBFHOSGVZBF75R3KNFZY6LO25THF4KCTCOHA,2021-10-13 18:35:00,66,55,No
351058084,Al Goanna 187,2021-12-04 21:28:49,HV7DBFPSSXZX6VKIWYZPE6QFC3KBFRRD3PNDZBZA3OSBHTHYNSSA,2021-12-04 21:33:00,3,3,No
351058627,Al Goanna 188,2021-12-04 21:24:10,EYPTWPDENTCRJHGL3EHT6FYRWKYZCRO74HBMBEDSX2LJU3PD6LCA,2021-12-04 21:24:00,3,3,No
351059326,Al Goanna 189,2021-10-10 02:45:04,XFC4RMQXVGAQGFESV5MSPWSNDB54CEK6YCZF23ENZ3NEIVVCJYRA,2021-10-14 14:05:00,59,54,No
351120479,Al Goanna 190,2021-10-06 21:15:25,KO2ACBGWIRI5OPPGO4PXMZSASI7HCJAVWQDBPOTLNDCPZJ65VVKQ,2021-11-02 18:31:00,62,35,No
351121162,Al Goanna 191,2021-12-06 01:12:05,Y4PZSMA6CCH6YKXDFM7YDPT6YNB35K753V25O64VTOZIMDITEXPQ,2021-12-06 01:12:00,2,2,No
351121689,Al Goanna 192,2021-10-31 22:19:24,STENEP5MXY3XR3T2T5HEOPFL2ELXAKN7GLNA3KDMVHGLF3NC2QYA,2021-10-31 22:21:00,37,37,No
351127310,Al Goanna 193,2021-10-03 21:06:12,OQDGV4SUVC6FWJMXCDRL6DP3VANFBIQIA6X2ZPWBDS556RKXTYRA,2021-10-20 13:01:00,65,48,No
351128646,Al Goanna 194,2021-11-25 00:46:54,6JSIARBMUEBCCWHA6WHOTAXXGKMKE3IMHHP3TZICYNMSFVW23AXA,2021-11-25 00:49:00,13,13,No
351137771,Al Goanna 195,2021-10-13 00:57:21,RIJLEOT6LPKEWRNSTMFLX4NVHB44APWAOAFTL6HI5IA6IOUEJUYQ,2021-11-09 01:26:00,56,29,No
351140993,Al Goanna 196,2021-10-13 22:36:12,M7B5PVMWWQLFBFZ4DLN5LICBXREPHCTQSB7EETJUHNKU3SXUQDGQ,2021-10-30 00:47:00,55,39,No
351142474,Al Goanna 197,2021-10-14 03:32:41,WBJMLACGCIHSSQNSML5JRLUXC6CNXK3OOOKFDVIUDKPJX25ZVITQ,2021-10-14 12:44:00,55,54,No
351143875,Al Goanna 198,2021-10-13 09:45:16,P5RR63BK7CN7RT5545AGU3PPUDPYZBWBJL7QPA6DSBPS7UMZ23MA,2021-10-13 09:48:00,56,56,Yes
351147149,Al Goanna 199,2021-10-02 23:45:33,R5VP7GQDVR6RL3HO5MZDJZVRQF543OKWYVDASJ2VDN23ZGVU7U3A,2021-10-14 16:34:00,66,54,No
351147615,Al Goanna 200,2021-12-04 05:44:18,3KOSWXYH6Y3EXM53RJXZGIGIFBK4Y47MZUQM3PNNC7UVRWDA5XMQ,2021-12-04 23:11:00,4,3,No
351148747,Al Goanna 201,2021-10-13 09:01:25,HMI5JLOLOTZPSYSCDHMOXTESW4PBT66J2NEJ2Q2CBKDD2G4LFWZA,2021-10-13 09:02:00,56,56,Yes
351149755,Al Goanna 202,2021-10-02 09:26:48,OY3STUL4DZFFTZ6EZHS7TQL2ZAL37FHDO6IJZAIZOPTDVNHEOB6A,2021-10-13 08:49:00,67,56,Yes
351152918,Al Goanna 203,2021-10-03 19:17:34,V6DJT5O4RGUMEBOATM5HFZC26XJMXBQ5WONYCBC4VXFHMTVHWI2A,2021-10-13 08:46:00,65,56,Yes
351159041,Al Goanna 204,2021-10-14 07:58:20,DPJTCKAD5BHNLCCFJPX2DMKQIZNBODKVRBUUZW5PSONLRFIA6C5Q,2021-10-14 09:36:00,55,55,No
351165061,Al Goanna 205,2021-10-02 21:49:45,CZHIGV4PYIBLCPD6PXEMCCF7E6XHQI7JSEDAO36M3IIKZDCHHNMA,2021-10-13 12:44:00,66,55,No
351165507,Al Goanna 206,2021-10-13 10:41:29,SVXOCX4EH34DQNGM5ZXGOXURVBSZ5GR4UORKO6MJXCZCS3MGOVPQ,2021-10-13 10:47:00,56,56,Yes
351165928,Al Goanna 207,2021-10-02 06:10:40,ZA6FFOXFGKJO52RRGXU6YVXUWVXFRSQDERULBRVOTISSN3YU77QA,2021-10-14 10:11:00,67,55,No
357805558,Al Goanna 208,2021-10-14 08:19:58,L7WVBU5E4LFYGMVKWBILTXIRVWHUQ7KDIUSXQNQLQWBDWEWND3WQ,2021-10-14 08:58:00,55,55,No
357806075,Al Goanna 209,2021-10-23 09:59:55,VUJVBLSZWUKST7XVZWC2HGTHRG3MGZAE45CA4UAY5OTSNQHAZ7HQ,2021-10-23 12:11:00,46,45,No
357806679,Al Goanna 210,2021-12-04 03:06:50,4MDNIXAJLJGQSEPCPJTEBQN6OGKZPD5M46UYMUKBXY3KELUKOK3Q,2021-12-04 03:11:00,4,4,No
357807254,Al Goanna 211,2021-10-12 11:18:32,P5XLXYLIIMW7Q6FG3TX7TLATQYDKQ2GK77TAGWE2UEGHAA2CKFNA,2021-12-06 04:37:00,57,2,No
357807687,Al Goanna 212,2021-10-11 00:14:38,QKLBI7X7LYNGYQR2J3CNA53LYVPH6DTANEONMDYYODOEZ323UCHQ,2021-10-13 15:30:00,58,55,No
357810208,Al Goanna 213,2021-10-09 21:01:22,SMOBR7P4BRCQWF7JHXU7PPKP2PZMT4E7OP73C4KE3A6HWFTOM2DA,2021-10-14 01:30:00,59,55,No
357810515,Al Goanna 214,2021-10-26 10:51:52,XCNBFLNGPSUFZG6KM6IJ27J47DWH7VV23G2GTP4IOOK3TS2RN5IQ,2021-10-26 11:06:00,43,43,No
357811089,Al Goanna 215,2021-10-31 21:53:32,2GC2PAJA2F5TKXV2FCDJ5K6NDBXPU3KEZBP365XGOJHMXQSUO3HQ,2021-11-01 03:21:00,37,37,No
357811513,Al Goanna 216,2021-11-22 15:08:05,4VEFKEKI3UHH4M3XCUSC6JO227VAG2LCNZC6NPDOIZQ7HPD7EM7Q,2021-11-22 15:12:00,15,15,No
357812204,Al Goanan 217,2021-10-13 11:32:54,QDV6WK2EOSJ6XBZFW5XDOHBAMRBQRHF2ON5C76V2HKBHIC3ZXJGQ,2021-10-13 11:45:00,56,55,No
357812643,Al Goanna 218,2021-11-09 02:36:56,QCAEGIBR2SUFJ3HK2ECHRHFTS2Q4BDGPCUYOCJ26VI6LHJY5ZCCA,2021-11-11 03:12:00,29,27,No
357813060,Al Goanna 219,2021-10-14 02:50:08,RMJZKACOD32ZHO5L2KZJ5EIKNDUFMLNGHKBN6DFOUSGFKJRA6OIQ,2021-10-15 23:41:00,55,53,No
357813498,Al Goanna 220,2021-10-24 11:32:16,IQNL3VKHZYYJ3FM2XLAT66BCWUC4FTIZMBU3TG5QNWIAVRGJB6WQ,2021-10-24 11:33:00,45,45,No
357814858,Al Goanna 221,2021-10-14 08:19:54,PNZWVJM6QU57VUS3DBAVD2AVQJNFKFUA6P33ZJOR7D77BRI3BA2A,2021-10-31 14:55:00,55,37,No
357815902,Al Goanna 222,2021-10-10 22:05:19,PUNVHIMNEPUNDFSC3BQVSL4RHQMGYGBZZM7C4TKZSFANYR6QC65Q,2021-10-13 21:09:00,58,55,No
357820088,Al Goanna 223,2021-10-20 01:04:40,FSWDZNYASJO4HBSCYITWGU3SVCBPLXXXGHRJTHX42ROAKJD4IWGQ,2021-10-20 01:06:00,49,49,No
357820613,Al Goanna 224,2021-10-27 12:07:18,LITPTCL3P6JY2RNCJDY4F7E4SM74FBYRJWLVRVKE7NHNOCVOV3KQ,NOT STAKED,41,0,No
357820948,Al Goanna 225,2021-10-09 21:00:43,M4W54M3XZT5ZHQID63V3LZL4E2ZVTPLXKNGYQA3QYSBOCXIZPVCQ,2021-10-14 11:07:00,59,55,No
357821399,Al Goanna 226,2021-10-13 14:39:06,RFAD4VVT6KQBXR3MTG7CZ3XY2KFRCCJUBOC62RI6KTCG5PBDLJZQ,2021-10-13 15:01:00,55,55,No
357822102,Al Goanna 227,2021-10-20 03:19:17,GGNBWR74BWBLFY36OQH4BB2JJCMIK4QYWSNIOJ6BWDYLSBQBN4XQ,2021-10-20 03:22:00,49,49,No
357828954,Al Goanna 228,2021-10-09 21:03:29,EYLON66FBJNGEQ2DH7WJXDWEI5QZQD2U6WLBN7DD6VSFZ2F4L7VQ,2021-10-15 03:07:00,59,54,No
357829470,Al Goanna 229,2021-10-09 04:01:38,65L5KJ45WJHCNYRX5GHEHVS3AQLRENDITJN7VAYIFAIRST4YNRGQ,2021-10-13 19:35:00,60,55,No
357857342,Al Goanna 230,2021-10-09 21:02:15,PBDDM3HMRHSBESQLPEZIOY6272DQLLPIIH2YSG4GN5E2LFZ5LP2Q,2021-10-13 15:16:00,59,55,No
357857972,Al Goanna 231,2021-10-30 00:07:22,CZ7PW2NIDXQ4VFXG25YDRYPAXGOCGWOGOEZ7MCYDQVMPSU3N7JFQ,2021-10-30 00:26:00,39,39,No
357877467,Al Goanna 232,2021-10-09 04:07:51,YLZOJRKMJUEOJVMAOO6IQNKZHG32GLG6OJXFYZNAG6P755NWKCRA,2021-10-13 16:34:00,60,55,No
357878164,Al Goanna 233,2021-10-14 03:28:01,RHD7ID33LSI5DDOOKCEEZE2RT72KDZZSADAR47TPWSPL4ZV7OV3A,2021-10-14 07:00:00,55,55,No
357878647,Al Goanna 234,2021-10-09 04:01:43,DN34SJOHURN36G6DATIUXTROXY6FYWPFYLWPLI3SX37M4O7ZQUUQ,2021-10-13 13:38:00,60,55,No
357879213,Al Goanna 235,2021-10-14 00:50:48,PFYTDCN2PQVW5ZYD4U6J3OO7N24KERACLWIP6VMUZ5O3LXV35L3Q,2021-10-14 01:10:00,55,55,No
357880107,Al Goanna 236,2021-10-09 23:35:25,JG4NISDBYUQTW4DQDG5I3R574M5NAL4JJSJROD5NTAEBJLAI6RBA,2021-10-13 18:31:00,59,55,No
357880623,Al Goanna 237,2021-10-11 12:13:51,3CFVMPW4HDCX5M7LG4ZTDG73CJXLBYJ7AZHVNPXUKPWJTJPON4DQ,2021-10-13 22:28:00,57,55,No
357881145,Al Goanna 238,2021-10-09 04:03:32,TMJFU3H64OVR6G4JENCFEUBMRKP4VBFMQ5TND5KCTFE6Q4P4OE7Q,2021-10-13 09:03:00,60,56,Yes
357881713,Al Goanna 239,2021-10-14 02:37:57,SKPDKNPQSK2SPYUBOL5MPTEPO5QT5RG2GX2TXMMZT4XD57LUWTBQ,2021-10-14 02:43:00,55,55,No
357882255,Al Goanna 240,2021-10-09 04:02:13,63R6GT3ZKXCZ6DMHAHP3MVN5WOVK4GHVQVKQFNLDZCK6Z2PGYZUA,2021-10-13 19:07:00,60,55,No
357883312,Al Goanna 241,2021-10-09 04:11:52,FACNXXF7JVJ4O567BIM5WGODSFPYXXPHDB3TKRIWYQ763KYSBWKQ,2021-10-15 06:58:00,60,54,No
358119742,Al Goanna 242,2021-10-09 21:02:06,I3LKFADK7USNSLQB4BCEVLQ54563WQDGJGZUHJ26VAIWRFMKEEAA,2021-10-14 10:56:00,59,55,No
358120030,Al Goanna 243,2021-10-09 04:02:48,5724QXRJSQDK6CFI3C5ATA3GHR6ZF5GUG66RPDP7I72DWYUO6YGA,2021-10-15 00:26:00,60,54,No
358120725,Al Goanna 244,2021-10-11 12:39:53,RTTN4VEWM466ZC6CONBEX3D3NB3XWZZTZ6BC75RRCD7HZKECCWMA,2021-10-14 11:07:00,57,55,No
358121671,Al Goanna 245,2021-10-30 09:29:03,OAJS42J5AYBA5X2UEPNI3Z4ASI5F7N5MSDEAU3SXSIQUNJINECZQ,2021-11-01 11:14:00,39,37,No
358122092,Al Goanna 246,2021-10-09 04:01:34,OZYMKNU4FNVSLKXZKVVO3ISSSUIIWKHDM3XEHLM4ZPBCFBAFEJ2A,2021-10-14 04:50:00,60,55,No
358122475,Al Goanna 247,2021-10-28 20:09:36,F3YZYI434CMD4BBNGN3FX5WVKSBV7ZIOEGLZDNKOAGPZISQIJENQ,2021-10-28 20:13:00,40,40,No
364041108,Auction 001,2021-10-12 12:33:28,Y2CVA3NLNER2IQSZZQNYUR3SDNWRWS4DPJR2ZOTP2C5LLROS66QA,NOT STAKED,56,0,No
364045626,Auction 002,2021-12-02 02:07:45,5LBLSADECCZC5TJEN24UAOQUYVE454XREOVSLHCNF726YB4NKBCQ,NOT STAKED,6,0,No
364046945,Auction 003,2021-12-03 03:21:47,AHEDKYKFML3TDOXMBL6LCZVUAZKPQVWJSM5XJ4UHKGPWAH76NFAA,NOT STAKED,5,0,No
364048155,Auction 004,2021-10-13 00:04:12,6RBC3P3Z2GJOU6VSCH6YJ6SGBMGZ2ANFHPFKD3GEPOLUIQQ3ZLXQ,NOT STAKED,56,0,No
364049436,Auction 005,2021-10-13 00:04:34,P3M2IE6HDK7OEEIRCNRVJ3B5CABPIJ3ZNHGCMRBSPNQXHNU3JI4Q,NOT STAKED,56,0,No
364051097,Auction 006,2021-11-10 21:55:25,AJP55UPRI3ROBQV7OS25RYK4YOWVODYDOX5PMDXV5S6ZFJJPEGYQ,NOT STAKED,27,0,No
370138614,Al Goanna 248,2021-10-17 21:55:34,JZTE7BKQ5BDTU6U4YKLEATGJK5WGHDAM3WVZCJLKF7ZAIVACEYUA,2021-10-17 22:24:00,51,51,No
370139149,Al Goanna 249,2021-10-18 09:59:21,XNU2YFH77JUGL7UMVCVI2LNC2VTE4VZRBITPPBOUZOR5GL4HPAOQ,2021-10-18 19:19:00,51,50,No
370139978,Al Goanna 250,2021-10-29 16:42:52,6QVIN3V3ZT3DD3DXDTLK72KJJVMFJ3BYCEEKDHUSHJH2ASBFZIEA,2021-10-29 17:00:00,39,39,No
370140425,Al Goanna 251,2021-10-20 12:25:16,GE2G3QSPC7JU4YHGMCFGKMABI6HEKYWKNLGHUYC7SHKXYI3PAEZA,2021-10-20 13:51:00,48,48,No
370140833,Al Goanna 252,2021-10-17 23:03:58,BAKVVCVYR6SFPD7I7QM5PCEXL4ASWSWPHLT6GCYNAQNAFLGXD2WA,2021-10-18 19:46:00,51,50,No
370141226,Al Goanna 253,2021-11-30 23:15:56,D2GOMAWGVHKTQEBPL6DZQGZEPSQVIGJ7YQKLUA2H4CQ67CCDGLYQ,2021-10-17 23:30:00,7,51,No
370141772,Al Goanna 254,2021-10-27 12:02:54,MSPDP3T4NPQR2CMPELNAQIZZXTQ32S54S37NIGUSB6TUUIBHQ6GA,2021-10-17 23:21:00,41,51,No
370142504,Al Goanna 255,2021-10-17 21:18:26,VMP4RS4VZA7Z2J6PVT3HDISGN7TLYVN7VMGC3EEFWGYPY4SDF6GA,2021-10-17 22:05:00,51,51,No
370146144,Al Goanna 256,2021-10-18 03:27:00,53XG5BZMICPEFZD47J4S3BUOUDO6WMKDRZ2UBESGMLGJO5H5ZVQQ,2021-10-18 03:30:00,51,51,No
370174670,Al Goanna 257,2021-10-17 21:23:38,HXOXAZCY6WWCVZE2IHGSB7O3KD2LCORI5BMALHBHBQJKEYCCTBIQ,2021-12-05 23:53:00,51,2,No
370175275,Al Goanna 258,2021-10-17 23:36:42,SGZARTLI4LJF6FOCRD5G3QKK4CRQ3NP32MVGLE63A4QXUQKU762Q,2021-10-18 05:24:00,51,51,No
370175829,Al Goanna 259,2021-10-18 23:14:45,BSDQ2COZJGFXL6MMXQDWGS5M2GGP2LJIP65XA736Y5RYPBSX3M7A,2021-11-01 01:00:00,50,37,No
370177059,Al Goanna 260,2021-10-23 07:34:52,MGQUJXCCGV3UI4WMQOMED64ID2JUJZPJUHSAUTNZ25IYQI2NJPVQ,2021-10-23 07:36:00,46,46,No
370178088,Al Goanna 261,2021-10-18 21:34:11,PTSNP7X2MBR3BI47SZHUXQJWGJXM44FVQNMO2VIMVCYAHHQ7YODA,2021-10-20 11:13:00,50,49,No
370179699,Al Goanna 262,2021-10-28 19:56:57,RPHJZ33R7PWHFFC4WWJTOJB6XZCKX2HOXUGUO6MBNX7GVU6FKVUA,2021-10-28 20:03:00,40,40,No
370180272,Al Goanna 263,2021-10-17 21:18:56,MJ4CMV4XYE4MIQRTW4PUY7YZTKQKDZYIT5G3CXD67URWZEOM4J6Q,2021-10-19 19:33:00,51,49,No
370192715,Al Goanna 264,2021-11-22 08:19:07,S7OYCL72DOAIMLAUSMSUZ5UMJSLQYI6UFT2FCY3H6OSZNE4HXVQA,2021-11-22 08:20:00,16,16,No
370193543,Al Goanna 265,2021-12-08 04:57:45,MTY7RL5LZS4YEUXXMQYVVJWGTX3RSZQZ7NU6CEK2XM57K4OL55YA,2021-10-18 02:33:00,0,51,No
370194099,Al Goanna 266,2021-10-26 11:03:40,7QV2TX6CDSQV2V6BHGTRQZWB2ETQWYF6QZ2DJVNF2B7PIDKJ4XRQ,2021-10-27 12:34:00,43,41,No
370194766,Al Goanna 267,2021-10-17 21:19:54,KYTHKMHX3UMJYWFFDMYBZ3C5UHTQ5O4RCIOLGHQEJQT6GXXFOJBQ,2021-11-05 17:22:00,51,32,No
370200032,Al Goanna 268,2021-10-17 21:31:17,LHNX6D7V7WFWQLE27USJ4P743ESBZ5LBU436NNLNTUFGBCJ5WL6Q,2021-10-17 23:49:00,51,51,No
370201662,Al Goanna 269,2021-11-16 13:27:32,HFSFH5XK4U2CLKDHSCOAVXTQTOB7LQNUWYQH6YDWNVF56BPOKPBQ,2021-11-01 17:20:00,21,36,No
370202895,Al Goanna 270,2021-10-17 23:11:02,RK64RYKDD24PVADQB5PHFABOE6DSBFB5YH7NL2H4BTEME354XLDA,2021-10-18 01:48:00,51,51,No
370203657,Al Goanna 271,2021-10-27 18:50:13,5YQWYDGYJT5KVUSDRTHOCG5K455QDFFRSMMQ7JMDOZ2HWWSH2V7A,2021-11-29 10:10:00,41,9,No
370204471,Al Goanna 272,2021-10-20 07:14:47,SB5J4UCA6RUBW7HPFXKFHY5CCR735VCXZHOQLI4X7KIDFR7D4X4Q,2021-10-20 07:51:00,49,49,No
370207486,Al Goanna 273,2021-10-27 12:05:37,D24IDNEWP7VUJL25MTQS3C2AJIJULCIDUCOGCBVZJE3RLS72J74A,NOT STAKED,41,0,No
370208074,Al Goanna 274,2021-10-28 01:35:07,3KD6NVU2YYAC64I2Y6G7OBAGD7FM2GMNFXGLAIW3A3VSVFNL55LQ,2021-11-23 08:28:00,41,15,No
370208620,Al Goanna 275,2021-10-17 21:42:45,7K6WVY5MMFHYLPSHNNKFDRB47J7D2WZBZGAO24SSBX4IZWEUXYLA,2021-10-18 00:16:00,51,51,No
370209227,Al Goanna 276,2021-10-17 22:17:44,GZSBKX2EWHTJSJLWWRWOJQOB2JYAWOWW6RO25J3TFLDTN76MSYSA,2021-10-18 13:47:00,51,50,No
370211487,Al Goanna 277,2021-10-23 16:27:23,J5L3PZGJANSAQ4237W2TWCYGVCWOPF4DYFBDJ2JCXBDAVPHIXGPA,2021-10-23 17:11:00,45,45,No
370212202,Al Goanna 278,2021-10-17 21:41:53,K25NFVHXPCDQUFE6NA5OKX65MVHAZFTMFJCYGDEH4E62V3L6KE5Q,2021-10-17 22:44:00,51,51,No
370214171,Al Goanna 279,2021-10-27 12:04:48,FV6ID66NFHP6ET3XBXV5LMZECVPZXGKWEYEBMGP7O6Q2QVH2K65A,NOT STAKED,41,0,No
370216009,Al Goanna 280,2021-10-17 21:58:22,ERTVZJZAKT27MOQCJMOBDY4KGDAQ7JZWC7Z3EVXERESGF24OXFFA,2021-10-18 03:22:00,51,51,No
370216600,Al Goanna 281,2021-10-17 21:19:01,VTISXANV2NJXUS6K3Q4UQLS6PCEFOPBDHNGBADVR54YPRPABOMXQ,2021-10-22 02:28:00,51,47,No
370220151,Al Goanna 282,2021-10-17 22:10:04,UF4YC6JRIUR6QEQNDDFROGYRYP4EYKN7DKDJ6L5E4IHB2K2PO45Q,2021-10-22 05:15:00,51,47,No
370221172,Al Goanna 283,2021-10-18 01:06:59,LQ472VYU5UKJZVMW76QL2DUDN4VYCAOJU6HHXXXSDAWKTBO5PYAA,2021-10-18 01:34:00,51,51,No
370222171,Al Goanna 284,2021-11-01 18:27:16,BE67K3WJNON23PA422UROZU5QXFRHOVXQSL5VPTYENLFHYKGVFZQ,2021-11-01 18:29:00,36,36,No
370222671,Al Goanna 285,2021-10-17 22:22:48,4E7CNB4C3ZRHMCRBWJODQPNSZWSNWU6BZKM4UWQGYS26UDQTC6KQ,2021-10-18 22:37:00,51,50,No
378144244,Al Goanna 286,2021-10-23 05:26:37,LTPPELD3OGV2FEIGKXA4BHUEVRZF6MJAKPJIGJFXGLGIOW2ZD2LA,2021-10-23 05:29:00,46,46,No
378144874,Al Goanna 287,2021-10-23 07:28:17,YTVFPEJNOOAKYM7I2C5JO2W44RUGKDI5MMN6LURWNIACUQ2BQSJQ,2021-10-25 06:24:00,46,44,No
378145365,Al Goanna 288,2021-10-23 00:26:25,ED4OO5HAF7YXAS5OOYUKBDLKDP5SI4SBP7OCPANFMCOMGU6G6BYA,NOT STAKED,46,0,No
378147187,Al Goanna 289,2021-11-22 20:14:16,JCJPA6OPYV2UE7EZ7BOENAFPCDAQNSTOJAMFTSIJJ2FHQEEIRGAA,2021-11-22 20:19:00,15,15,No
378147789,Al Goanna 290,2021-10-24 01:33:21,AFSABPULWBQ3LYFTOGOSPO6KJPJHFKXXXIJH5HQYC6OOJMFPOYIQ,2021-10-24 02:04:00,45,45,No
378148381,Al Goanna 291,2021-10-23 14:48:11,5GKZ5JWPDWYQELNWBKONIIUGJZW6BPRAOOZF4TUQY5GEVRSVTDFQ,2021-10-23 14:53:00,45,45,No
378154517,Al Goanna 292,2021-10-24 01:59:32,JWFSZMGU3ZPBZCX6J5HY2UDMXI2D73RJRIF4C54FQTAH7KKKTXKA,2021-10-24 16:07:00,45,44,No
378156031,Al Goanna 293,2021-10-23 09:16:20,NSPHZJ445R7EZYVIZ4H66FE6H4KGS7LARBIKW54J4XINEBDE6BFA,2021-10-23 09:18:00,46,46,No
378156497,Al Goanna 294,2021-11-05 16:38:05,QW3WZUQUDIJSOGG5MGW7ILRRPUYKCU3FF2OITGRBD7M5H5DYJ5QQ,2021-11-05 16:45:00,32,32,No
378157329,Al Goanna 295,2021-10-23 00:54:02,3WM2KU5JR7OR5WJL34CYT3QCHZNCATTOWLXDELNPBHWQPTBVOU4Q,2021-10-24 01:04:00,46,45,No
378157733,Al Goanna 296,2021-10-24 21:31:45,LYUWEI5MU6YVMKXRGK52Y4ZBHTEAUTW7LGTLJ7LB523IZZZ5ACDA,2021-10-24 21:38:00,44,44,No
378158613,Al Goanna 297,2021-12-04 21:20:35,5RKJBBXD5WUW4I7LYJC6QX5K366I2UNQOPIDIEYZ2D4PGOGQNGDQ,2021-12-04 21:21:00,3,3,No
378159296,Al Goanna 298,2021-10-24 21:53:25,CV5ATSDJTSJB2W5B42XU6QCPYQQJ7HSKNK32MFUMTR77K4GLI56A,2021-10-24 22:37:00,44,44,No
378159732,Al Goanna 299,2021-10-22 23:04:49,YMOANLL5PX7QLV7VFJVUL2B57TU7JEWRQEWLLLWM4UNFXXCK62RQ,2021-10-22 23:15:00,46,46,No
378160339,Al Goanna 300,2021-10-27 12:03:55,L3KXJI6Q7SUDPQEGZNXCWR6OC5SULGBUV3S6CGD3O6SVIZUATNJQ,NOT STAKED,41,0,No
378161184,Al Goanna 301,2021-10-24 21:49:37,TESWABYMESW2LKOSZXYCXZSMSVW533DMY5CXQSJ4JDRJK3T3QWSQ,2021-10-24 21:56:00,44,44,No
378162620,Al Goanna 302,2021-11-06 15:43:10,HX4SFVJ5G3RMMMU5W7PNZFIKP7YW22UIB7TLU7GNA2M6HWO2O43A,2021-11-06 15:46:00,31,31,No
378175401,Al Goanna 303,2021-10-23 05:20:48,NX2GGPHZ3VXDF4647R7PC46ETG76P44HLEOLJRIQFR7Y5Y73T6UQ,2021-10-23 09:30:00,46,46,No
378176036,Al Goanna 304,2021-11-08 08:33:19,DUPJBYMANYHHVVTKH5IYKTLGKPWNQBHNN6HB2ZG7E2X3RDSPJOUQ,2021-11-08 08:46:00,30,30,No
378176471,Al Goanna 305,2021-10-23 02:22:25,3B5E3VF7NXKJPJM6ACRXCVTRFHCN4BVBCJNT3KLA64M24I7Z6OMA,2021-10-25 00:08:00,46,44,No
378177995,Al Goanna 306,2021-10-23 09:22:48,4ERY3BIEGM6HQTHVQG4NTC5OXNAALMM4EB4L2YXNNAI6ALURRFEA,2021-10-31 09:20:00,46,38,No
378178789,Al Goanna 307,2021-10-26 16:26:12,MT2IQXMPBBWNZLE4AZQYQ7TCTE5QQWECKFGPTWDOKUEURFOCK4WQ,2021-10-26 16:28:00,42,42,No
378179429,Al Goanna 308,2021-10-24 21:44:42,SXTVHQFMTKJVVGZWXN5VMGN6N7D5EEHYATXJYOM2SR3IRIRQ7RKQ,2021-10-24 21:49:00,44,44,No
378180154,Al Goanna 309,2021-10-23 13:34:59,STEIEE275F5BBBH2T6KMGJT2BZWC2X5622XSZQDCF6GDLAWHZNNA,2021-10-23 16:32:00,45,45,No
378181799,Al Goanna 310,2021-10-22 22:47:53,6CRMB34IOQ3DN4S4BTSICI4FQHW56JTEU3N3EQ3JMNRT47WAEJ5Q,2021-10-22 23:14:00,46,46,No
378182338,Al Goanna 311,2021-12-04 04:52:11,FERMMGMEN2F6AREEDJKQFJVELHWA4LXQJZSZJFK2YC2DECH7PD3A,2021-12-04 04:58:00,4,4,No
378182828,Al Goanna 312,2021-12-02 18:09:15,PRJ7CBNXMHY5QPSRAXVHLHRY4T4JZYOPTBA777XF2PDOPPTW23KA,2021-12-02 18:11:00,5,5,No
378184850,Al Goanna 313,2021-10-22 23:06:33,VUANWLLI5C5CABGW4WL4ZE35SM3HNCPB7IA3AYZ2UXM777NXI6LQ,2021-10-22 23:23:00,46,46,No
378185763,Al Goanna 314,2021-10-27 19:07:14,YKQJLUATWZG4QYZO77QTMY7EJRLYCIVRR7PCAFPV2Q77TBRBQYYA,2021-10-27 20:09:00,41,41,No
378186307,Al Goanna 315,2021-10-22 22:41:11,WKQZOHAN2BX4JJZ4LBKFH2W36P63X4VDA2H47CKEFOMJJ33SEBBA,2021-10-22 22:56:00,46,46,No
378186905,Al Goanna 316,2021-10-24 17:37:04,XIA7XG4W6RHQ2IZPQCDAFUO3GAWJB7CVOFWWG64KY7M4NDPZH75Q,2021-10-24 21:44:00,44,44,No
378187510,Al Goanna 317,2021-10-24 21:45:00,D6BHEHSFGX2YVDBLW775P65QUW34PNTW2UP34D67RPKP6VXV3ZEA,2021-10-25 20:04:00,44,43,No
378188233,Al Goanna 318,2021-10-23 06:37:03,FZSVDRXKBKAKJRUB2DHVP6UPJOZHS7JFQM7ACT6YGYR6U47HZFDA,2021-10-28 12:55:00,46,40,No
378188959,Al Goanna 319,2021-10-23 04:24:31,KE56B2DLSPM6YXTXPHPLQTCA5UBLN6QPOE3FADTS6E4XNL7DH3YQ,2021-11-22 21:14:00,46,15,No
378189282,Al Goanna 320,2021-12-06 05:01:19,YBEDVCPGNISF2EHXEIVUFT7BNMQ3BTB4TRNBSVUJHTU5M5NU22EA,2021-12-06 05:04:00,2,2,No
378189742,Al Goanna 321,2021-12-06 10:14:09,NLZVIJGFCFBBEOVUROBJP4FJC5ZUIHSOI3YVKIUTIZVFVKIM23YQ,2021-10-30 00:48:00,2,39,No
384115563,Al Goanna 322,2021-10-26 02:42:01,ZDY6LMB24CAIVWLTPRFBNC2AN6OSEEODGXOMNEEZVE4IRKA4DG3Q,NOT STAKED,43,0,No
386676057,Al Goanna 323,2021-10-29 04:38:02,FZ4SHW6WXJEWUKVQSIK4Y3O6QEDSCDO6FEE3QQ4YVB42CVP5R4OQ,2021-10-29 04:48:00,40,40,No
386676630,Al Goanna 324,2021-10-31 21:45:43,LZEOTBNTXPKFHPSNATFOWBYQGZSWQSEUU5PIJPN5BKSFEOE54QQA,2021-10-31 23:00:00,37,37,No
386678024,Al Goanna 325,2021-10-31 21:30:05,TEMJFFDRLVX3JPAGN24ZMU3YQMHSNSAHILQJ4QIAQJ7RRTXXSAZQ,2021-10-31 21:41:00,37,37,No
386678534,Al Goanna 326,2021-10-31 21:37:23,AKZAGVPQQSCGLXFM2PWXZUBTIM5PBRBZVIJVWK5LGJXGS3AV4XIQ,2021-10-31 21:51:00,37,37,No
386679027,Al Goanna 327,2021-11-01 23:37:15,DXFKWJKFJIKGIVSVFAMSDJVF3KGJCVIMD3RW25DVTEM6SZDVQWWQ,2021-11-09 16:43:00,36,28,No
386679558,Al Goanna 328,2021-10-31 21:43:49,N5GIJH6OCTQK646ZOI5LPTUZB2W2VXUO7Q6K537E2JLPSOJ2Q6EA,2021-11-01 05:10:00,37,37,No
386680355,Al Goanna 329,2021-11-08 20:07:38,N3MMI4QZJOHWMIF2RGZSJPYODT5QSIUYWGL3MLSDOSQOEVCS7LYQ,2021-12-05 00:05:00,29,3,No
386681637,Al Goanna 330,2021-11-17 00:58:39,SE4DCH55TVTVAM3ICR4TXVQP35GYBR5HHCR23NISW36ELIYJJM7A,2021-11-17 01:00:00,21,21,No
386682222,Al Goanna 331,2021-10-30 15:06:42,TZMHVB346DCCMURDJNEJJGY4TG4HOJUXHLR7HJ2T7JR3577HXC2Q,2021-11-01 00:09:00,38,37,No
386694998,Al Goanna 332,2021-10-30 06:19:13,QJH2ULILSTLFOXKK6SQGKCI5J244BSP6KJXITVQJYBZWXW5KJPQA,2021-10-30 06:41:00,39,39,No
386695758,Al Goanna 333,2021-10-30 11:03:24,6SF4VGEGOXV3EK6N24UJ637YISBFRJRHKZWKXDIU4APADSIWLKNA,2021-11-01 15:10:00,39,36,No
386697020,Al Goanna 334,2021-10-30 06:24:09,3HQSKQUZEQEZ4QQILU7ZPQXO5A5FP26SI4CJHOVIAZ2UCJ6QV4CA,2021-10-30 06:58:00,39,39,No
386698016,Al Goanna 335,2021-10-30 12:43:52,XOJ7YLHJXFTY2KUW7DSH4GS6UQFUTWUL3OHRX7YCXGFSFB6FXCSA,2021-10-30 23:44:00,38,38,No
386698707,Al Goanna 336,2021-11-09 14:53:05,CVENYDEWTJ7XZ7OCHEK524QZ444VPXJMURVCXVVE6LFDCYJDJPFQ,2021-11-09 16:43:00,28,28,No
386703284,Al Goanna 337,2021-10-31 02:12:04,NO6O7XDMIYV2MWXBW2EOPFZC6H6S3SXR43G4JLIPJMWPJCRQVWWQ,2021-11-01 05:09:00,38,37,No
386704623,Al Goanna 338,2021-10-30 20:23:21,MXGQUZMLK6BFOVC2ZWNTSCA6SAQI6CAUXUNHNOF7O3OSYTKNKT7A,2021-10-30 21:01:00,38,38,No
386705461,Al Goanna 339,2021-10-30 08:49:30,REGJD5TNZYD77CZED3ERAGQSLOW2523C3NDEE5L76AZLYNQEPSNQ,2021-10-30 08:57:00,39,39,No
386706145,Al Goanna 340,2021-12-06 07:27:26,SZTTNH72OYIHIS2U3W3YLY5SUHDCNAHLRHYVMONIRHPWWR7O4OMQ,2021-11-11 21:53:00,2,26,No
386707457,Al Goanna 341,2021-11-09 14:51:01,Q3NDTQBTCNN2XJIKOON5XDQAPSPPKKZECULM5UHKMP6RLOJSD4GQ,2021-11-09 16:42:00,28,28,No
386708332,Al Goanna 342,2021-10-30 11:58:27,6WJZ6DVTHPNE447YPJPB3VXA53J5DZ4H4OXK6UKXDODW2OHUJ62A,2021-10-30 19:40:00,38,38,No
386754623,Al Goanna 343,2021-11-26 08:52:17,CYOR7XFW7NXUUTP2HIPFJLCUSF6YPEZKSBNVISSUDOLRN4RPQY2A,2021-11-26 09:04:00,12,12,No
386755533,Al Goanna 344,2021-11-29 13:28:31,XGBDKFGUPFRGRUA2NGTR5RPG6XBFYXU4VFKIUOANS5YJIJFAIRIQ,2021-10-30 07:29:00,8,39,No
386756478,Al Goanna 345,2021-10-29 04:00:37,JQ2S6BMHCBNOU5N3TXFA6FH7I2NQCLWXC24SQKFJJ2DMTXRHSCCA,2021-10-29 04:06:00,40,40,No
386941384,Al Goanna 346,2021-10-31 21:44:59,H6CKUWUUDJW6XF2P6HQVRCJQOD33XAKIBIOMSEUBYG2A2JZZZBRA,2021-11-01 20:10:00,37,36,No
386941848,Al Goanna 347,2021-10-31 21:40:23,NS5I5XANYE2J4TI2PEBJTD6ZBMD2NZWRQMIA67DPYCMUADZZOLGA,2021-10-31 21:52:00,37,37,No
386942367,Al Goanna 348,2021-10-31 21:46:49,RH5DB5OWXLJ6X3DBD6A5NT63AALXISYJ7O2CM457YHSY5LHQPIXQ,2021-10-31 22:01:00,37,37,No
386942977,Al Goanna 349,2021-10-31 21:42:08,BVFQ6VLQGBGQUCPWQTZ6BWLDUYER3VR562LVBHRIZXPMNBVVDLRA,2021-11-01 02:33:00,37,37,No
386954015,Al Goanna 350,2021-10-30 14:06:27,2FNCTCZN7CBYHVA43LWX35L6AP3LWHUYBTPHLNHBJNFQDDUW7HNQ,2021-10-30 14:54:00,38,38,No
386954778,Al Goanna 351,2021-10-31 08:00:47,RV3O2PH24YT3TZIVXJMK5YOECM4BB4LIA42ELV3E3GEQJ3RE7AQA,2021-11-01 20:10:00,38,36,No
386955578,Al Goanna 352,2021-10-30 08:25:07,VP5JJPKUXTY6H2P6TR526BJSUSNY3MMCFQKR67ACPSEAXXPYVIBA,2021-10-30 08:36:00,39,39,No
386956116,Al Goanna 353,2021-11-09 21:12:16,YT5YYEBCB5IOYYBW5UI4GUCKKBUKFPGWM2S35FBXFWS7CGIXZ7ZA,2021-11-10 04:22:00,28,28,No
387779639,Al Goanna 354,2021-10-31 21:24:47,2R6WSNRNVGFHNWMXUHFRASP2WLFDFBDKL7RRLLNLYP2MPVLINCVA,2021-10-31 21:35:00,37,37,No
387780523,Al Goanna 355,2021-10-31 21:48:52,ASWTYFHCUXREIBG37Y3CD6A4DUPI6XFHYYSK36IXTG4SX2YAJGJA,2021-10-31 21:50:00,37,37,No
390940467,Goanna Stories 001,2021-10-31 20:45:02,7IQ5L2UV6ZBZFJNFKYZTJUOLRT3AAEQ2P7QSMZYYSJ5W2MEWOWZQ,NOT STAKED,37,0,No
396523835,Al Goanna 356,2021-11-04 05:12:13,DTSR7LISKGF7DYUDKAOVY7WOIOHRFOPTIR6KAP2IITDABXX7Y5TA,2021-11-04 06:17:00,34,34,No
398263290,AL Goanna 357,2021-11-08 00:02:05,SHL6EL4CHAABNIU2DFOHUGSHKPZKXQ24A2T6KQWVK25ZFDZORMCA,2021-11-19 02:00:00,30,19,No
398266816,Al Goanna 358,2021-11-21 23:01:18,FIWJSFCUR6ABASM6BXNYIBKARKUF43ZXNRLW5MRAT37CY43H4E7Q,2021-11-21 23:20:00,16,16,No
398267736,Al Goanna 359,2021-11-15 20:42:24,HANNVZZQYVI7LUHKHYL7S54YV4AIQMRXO6K4TLABVDK2KBZN5HKA,2021-11-22 21:30:00,22,15,No
398268460,Al Goanna 360,2021-11-15 20:40:49,PEOFWBLITI6TRKUPQBCKCZEMIUU5MQKEOLFXVPG5UDGCKFPF6CHA,2021-11-22 21:30:00,22,15,No
398269458,Al Goanna 361,2021-11-06 23:13:45,FFK5MFNPYKLBVAKLF5IQBVIRRX7PH2ODGO7SY2YIYATGANMZWLTQ,2021-11-06 23:44:00,31,31,No
398270277,Al Goanna 362,2021-11-07 22:35:46,RBDBPQ3ABY7NPPAPKTZGUGTPSJAI2HOSTS2RMZ7DNMAUS34QBSJA,2021-11-08 07:58:00,30,30,No
398271233,Al Goanna 363,2021-11-07 22:49:32,W6JK7I2LRWBS7CNC3BVK7N6ZFSIRLTY3VOOHDNE5HIZMS4RMGWKA,2021-11-07 22:51:00,30,30,No
398307142,Al Goanna 364,2021-11-10 01:41:16,4A4FTL4LDKAPWAQUBPVQT5ZOJO6NLA7CVXPKNFYA6KHZQHSZGGWQ,2021-11-10 15:33:00,28,27,No
398307950,Al Goanna 365,2021-11-11 19:24:53,WQTPBWEC7IX3HUVL5JJOORSLPNZUE6Y6FJHEJ3DVXSCX5R4IFSXQ,2021-11-11 20:04:00,26,26,No
398309860,Al Goanna 366,2021-11-07 18:15:19,AF4XPFLD3CXQ7LEONGF5O5HSGU4SWPPAL5567NUXYR4DYAJGTLNA,2021-11-07 18:19:00,30,30,No
398310628,Al Goanna 367,2021-11-09 15:24:43,BJK3ZVQET2KIWWSD45235VDXAK7PZAAC435DJ2ESHOZ67O56GYZQ,2021-11-09 16:29:00,28,28,No
398311670,Al Goanna 368,2021-11-09 07:30:12,EUIUWHD52AUPOS6YZV3P22N6RFTIVM4VFPDVPCRVEAU6HIWBGKCQ,2021-12-05 20:44:00,29,2,No
398312573,Al Goanna 369,2021-11-08 19:33:49,BQB2SCFFZ73NB4UGVVKST2LZIENY6BCK6EKW33CLPIRL6LRETWVQ,2021-11-09 16:37:00,29,28,No
398313581,Al Goanna 370,2021-11-07 22:30:16,VOBN7TN3SYBOZNA2RRADDVUESC7CBEXGULYVMJ4PBP5TQ3V4BLCQ,2021-11-07 22:40:00,30,30,No
398315817,Al Goanna 371,2021-11-07 21:08:08,YHOPJ2TW2SFUJGFECKOXOV5VPZJZ6IW6HRVRSW4TKORD5H6BMJEQ,NOT STAKED,30,0,No
398316892,Al Goanna 372,2021-11-09 16:14:06,FDWEKZH4GBCHEHMYO7FIVBHYK2RFZDRALRMTNQMH3AB4UYRHGRZA,2021-11-09 16:14:00,28,28,No
398317819,Al Goanna 373,2021-11-28 08:46:32,Q4Z2JIU4V4BUGSPM3UHRXPDVPEGT4COYWCVKPWYROPXGYXQSX5NQ,NOT STAKED,10,0,No
398318793,Al Goanna 374,2021-12-04 17:36:30,IE5JAWUUMOAO5FG4X5KE6XFQZK5NZ7V7RG7S4LH7SZYEO7VP2AJA,2021-12-04 17:40:00,3,3,No
398319545,Al Goanna 375,2021-12-03 18:46:05,QT4UPKIAO4LD7XPHZXOXKSJZUWPI6L5DTDTXQCSZRIIMFCYTULPQ,2021-12-03 18:50:00,4,4,No
398320385,Al Goanna 376,2021-11-22 21:14:16,ZNY2FZ3URL3V27YCYBUBIHLDJGT5DTTBLAL3JM4V4KRM34MM2SUQ,2021-11-30 22:19:00,15,7,No
398321353,Al Goanna 377,2021-11-15 20:36:03,IWWCOPGCG6ILYV2FX4O3I6B3VY5I6LPUH25NNFVHG6L4EO6DXLIQ,2021-11-22 21:30:00,22,15,No
398322208,Al Goanna 378,2021-11-07 22:53:43,MGARMP37Q2KWPSAMHIQ5DMD742DVHKTJNVZD3BBCTGMZMVGKFUWA,2021-11-07 23:08:00,30,30,No
398323043,Al Goanna 379,2021-11-28 08:46:49,3PCJXC3T6IYHJRU3AYB7LHVNG4LCRQLWFY5SC7C27HPNUD36X5CA,NOT STAKED,10,0,No
398324040,Al Goanna 380,2021-11-24 22:53:28,FS3RXGTO4AZWC3J3QNJSYKGF2UBF24LTZPQ3B4J6HB2QOH5P75FQ,NOT STAKED,13,0,No
398327453,Al Goanna 381,2021-11-11 21:35:25,4BAW74ZTYFVOS3UMFWVCJRBCLUAFFRMXTZ7EO6FSGJBXLKWMZ56A,2021-11-11 21:47:00,26,26,No
398328641,Al Goanna 382,2021-11-19 23:14:11,JKUQ773O3HV7YFR4ZNJZPRTZZDPUHBADYQHSBYVYDZATZMCUQ3AA,2021-12-04 23:10:00,18,3,No
398329775,Al Goanna 383,2021-11-11 14:42:05,4KCE4D6VP3TBFNYCWN6Q6CWSCTMSODVJUFC3D47HZEANJX5GTGPQ,2021-11-11 14:43:00,26,26,No
398330377,Al Goanna 384,2021-11-17 04:35:19,OHRPYS2VUWXTRSG3MTJIHWX5C4SBFIJDY253MAX5ZGSZFDAFYTMA,2021-11-17 13:24:00,21,20,No
398331199,Al Goanna 385,2021-11-07 22:33:52,RTIQMRMG4HWN7FTM4NRUUN7LRQFOFTPRPEWN4PWX5V7W6L3KZF7A,2021-11-08 15:20:00,30,29,No
398331833,Al Goanna 386,2021-11-14 01:11:04,KKRPCGCDZR6ILZROR6DA3UKNL2ACW4C2DB6HVE36UUHB6XNVZEKQ,2021-11-08 18:19:00,24,29,No
398332587,Al Goanna 387,2021-11-07 22:56:30,SIYU6MQAQX6V2FISGIFC7XS4AXU52F6ZLORR3VCT7CKBPKSFAOYQ,2021-11-08 03:53:00,30,30,No
398333216,Al Goanna 388,2021-11-12 16:37:39,PQUYRM3XAV4IG6DYGV4OL7NSEJOLKRESX6L4JTRYF6OCE54KYLKA,2021-11-15 15:10:00,25,22,No
404269571,Al Goanna 389,2021-12-06 05:01:23,QWMZWDLMDEAEOBBUTD5JOO6BI4STZSMKNPPXNVYXTQSBJGQXFJ6Q,2021-12-06 06:22:00,2,2,No
404270194,Al Goanna 390,2021-12-06 05:01:40,LLUIIHLJRIBJALNBXBXGGAY64ASOPPNK4JLNU2DZGR5LSPKCVFLA,2021-12-06 06:23:00,2,2,No
404271051,Al Goanna 391,2021-12-06 05:01:58,UNMTCEEDOLDZH7YSXFJWSSZARZZSKNLS5QG5F5JIW4HDIWH2QUNQ,2021-12-06 06:24:00,2,2,No
404271649,Al Goanna 392,2021-12-06 05:02:15,Q74OZHR6EQ6PZ2X4KCBISWTF57NWTGUZ6Y23GOGZLIXH3GK47FYQ,2021-12-06 06:24:00,2,2,No
404272362,Al Goanna 393,2021-12-06 05:02:32,HFQ6K3VPDNC3E4BHLQFBJFDLLGQU7DGLKIR33DPG5AJ3NQCEAD7Q,2021-12-06 06:25:00,2,2,No
404273247,Al Goanna 394,2021-12-06 05:02:49,UPEFHLWVBTUCVD7Y6PBOP4UG2G7HCLFL3IUFWDQYZ74IY3JOMWRA,2021-12-06 06:32:00,2,2,No
404274138,Al Goanna 395,2021-12-06 05:03:07,SRIVPIYUOHRG44QWBUEI6AAD5QN32VFKSI243PF2NNBWLT7Q4UPA,2021-12-06 06:27:00,2,2,No
404274994,Al Goanna 396,2021-12-06 05:03:24,ABNZOHPRYJ4HIUPKSXY5VQN5YNSKDUMTL6ZZMO5PBNUB5RHIO7WQ,2021-12-06 06:27:00,2,2,No
404275773,Al Goanna 397,2021-12-06 05:03:41,OBI64U52FLY6APARXZRW7FEFXFKKH4NGD4GE56UCHTTVTMX26R2Q,2021-12-06 06:28:00,2,2,No
404277289,Al Goanna 398,2021-12-06 05:04:07,V44CB7JU3RSFCAYBJDGVWZYHRMV62OSMQN7EGZWOY54AVBX74DJA,2021-12-06 06:29:00,2,2,No
404278239,Al Goanna 399,2021-12-06 05:04:21,T4YJ2GC6OUGD6P5UKQMMUX65GUWBOTSDKIRORLHDZTFTWILVYTQQ,2021-12-06 06:29:00,2,2,No
404278986,AL Goanna 400,2021-12-06 05:04:42,UZH7EUXFBBOWEIXFRRCPSAEELXCITRFAJNPLXQDHU6MH6LTTVBSA,2021-12-06 06:29:00,2,2,No
404281390,Al Goanna 401,2021-11-19 23:51:35,3GJ57QVIRAOXGXOFGDUEUXCE67FYFFOKLILHL5IXZJZEOPY3TK6A,2021-11-23 08:31:00,18,15,No
404282104,Al Goanna 402,2021-11-19 23:51:56,IG3HJYXIBTVX3TD5M5I6IGDH2EKFCPNC5KPASC4V6EYLYJQW64EQ,2021-11-23 08:31:00,18,15,No
404283294,Al Goanna 403,2021-11-19 23:52:18,2W3EATZD2RF7TQ4J7LQIJAECVY7HFEZ3HM5EMW6WAWYDJLC4RESQ,2021-11-23 08:30:00,18,15,No
404284041,Al Goanna 404,2021-11-19 23:52:36,OJKAWQGZQHY76SQCST4GVWYGCD4STNPC7AGUIAQNFBKXJCGK6ZXQ,2021-11-23 08:29:00,18,15,No
404284741,Al Goanna 405,2021-11-19 23:53:02,ACLVP5QTRADEFRBVZIPAKMUJHG53VM6FWE2SJSFGCDL2BJTLNIIA,2021-11-23 08:29:00,18,15,No
404285472,Al Goanna 406,2021-11-14 02:25:33,LN3IEQBUPJ7TUYS37ZIJGU2QAG5P43BGJUN22FCOCLBXYWWRKKPA,2021-11-14 17:20:00,24,23,No
404286338,Al Goanna 407,2021-11-14 02:25:55,RCEH5FKBSLRYQUV57ADFCWSCW2LH7RJSC53OPHHNXNGYXLYSW7WQ,2021-11-14 17:20:00,24,23,No
404287266,AL Goanna 408,2021-11-14 02:26:26,URNSWFXTWHBZOUFM6NXQWELB7GQCZMSNB4MHV6PNKUIAWRE7GFZQ,2021-11-14 17:21:00,24,23,No
404288146,Al Goanna 409,2021-11-14 02:26:48,7O5MCSTZLXWDKASYTTAAWOFZXQS65INSZY2FUZB654PBWHUY3F7A,2021-11-14 17:21:00,24,23,No
404289065,Al Goanna 410,2021-11-14 02:27:14,X3ADIM7XBE2UGDF3KCYTINW5577F3LDB7R4TJDBI6NF3TREWPLYA,2021-11-14 17:21:00,24,23,No
404290245,Al Goanna 411,2021-11-14 02:27:37,TVI6FRAM7DKSZDIPANMWX44N4QZENYZZ6QGD7RRVCAZOGV23TZIA,2021-11-14 17:22:00,24,23,No
404290882,Al Goanna 412,2021-11-09 10:20:03,DYJGOZDZYPJAOFYJ74WAV3IIGHFRMS2ROCACYUTW2MZSQN52FWKQ,2021-11-09 10:24:00,29,29,No
411413044,Al Goanna 413,2021-11-14 23:18:52,OQGEQBVGFML2DNQIZTI733VRRP6JQWKQ5S6M4MOZDWVOYCOTPZHA,2021-11-14 23:45:00,23,23,No
418136017,Al Goanna 414,2021-11-18 00:12:31,RDFWFKJCY5MFWGO2HIS3KZKU3SKE2ZSGANOSA6NUDVRXCPWCZT6Q,NOT STAKED,20,0,No
418136923,Al Goanna 415,2021-11-14 16:54:33,VWJOGTIUNVNT2CU3N7KAU3ZPZG2DSTTO7WT7IOIDSRZY56RA6ASA,2021-11-14 21:04:00,23,23,No
418137888,Al Goanna 416,2021-11-18 01:15:43,7SWRNX5BXFR2XKBE5F5OUKS322I5HP5WMAGJBMK7RQKQYMOSPHUQ,2021-11-22 18:24:00,20,15,No
418139488,Al Goanna 417,2021-11-14 18:24:41,R3QAJJ4CH2PEKUCMZU5YRTWQE23VZNVRYPUZGRPBACN4FJWH576Q,2021-11-14 23:58:00,23,23,No
418140351,Al Goanna 418,2021-11-14 20:35:32,SRGZYUXKVRDF3VCADZY5TVXMRV7FGKORYVKRYUXO33LHDCNK2PAQ,2021-11-14 22:06:00,23,23,No
418141283,Al Goanna 419,2021-11-19 19:35:45,H5AU34GQDUEXBZR4ABXDJZT4J4LF3DJRWXTKZHJJ6SDD2HMGWRSQ,2021-11-19 19:40:00,18,18,No
418142231,Al Goanna 420,2021-11-14 17:16:36,VCK2ZERFKS63OXVZ25AR34REPNSBNUTTII26RD7VW4OARCOAMDUQ,2021-11-14 18:52:00,23,23,No
418143075,Al Goanna 421,2021-11-14 22:28:14,A6BJCIHDNE2RA6OHCPGRR2TKOIZO5ONOIKOXNXP4JAC2ZMSUO3ZA,2021-11-16 19:43:00,23,21,No
418143875,Al Goanna 422,2021-11-14 17:42:33,FATADEJSGTXNOHWEL6JBPPHQ35NBHLPCJV2EBKASZXXGFR65BZBQ,2021-11-16 02:10:00,23,22,No
418147060,Al Goanna 423,2021-11-14 18:41:28,DEEPNEEEYWGEFJOQJWEJMH2HAU6C4RSTFR34LSZQP6OC6TCA2CMA,2021-11-14 20:00:00,23,23,No
418147746,Al Goanna 424,2021-12-01 22:37:05,QTMWFL3CE367UP275INXKGZRCIRR43NCX3MKH7CWY7Q4D2VNV4GA,2021-12-05 18:13:00,6,2,No
418148320,Al Goanna 425,2021-11-18 00:11:13,XUWDMWGJGXJGJSZ357DZIF4EEBYR4XAZ7DP253AP2SRLTOAIQSSQ,NOT STAKED,20,0,No
418148879,Al Goanna 426,2021-11-14 20:50:34,KHB66ABE6YBTBIZTOKGJXAQSH66QQMPB2T4R4CS7FRGH57DJI37Q,2021-11-14 20:51:00,23,23,No
418217057,Al Goanna 427,2021-11-14 18:12:56,WYPACNVBQMPPGWNZKPIQ4WNAKP6647QDCDMYGACIP7K7QU4KKELA,2021-11-14 19:54:00,23,23,No
418217851,Al Goanna 428,2021-11-14 17:05:40,3V6KUQM5AMVIWSPYJ5RZRTRD6WR3IWSUWOPJFQ4G4WXZMF2NGCQA,2021-11-15 09:17:00,23,23,No
418219030,Al Goanna 429,2021-12-06 07:26:07,6ZHL7PJMF5E4SOSWA7GVCLLCFXIH5YCACDPJDBLDPKQV43ZTGWXQ,2021-11-15 18:46:00,2,22,No
418222343,Al Goanna 430,2021-12-06 02:26:33,4XOKKJL7JEJJRDEPY6G5UJGNAIC6MSCLEK4E7L2JFKMXDITNG34A,2021-12-06 02:35:00,2,2,No
418223077,Al Goanna 431,2021-11-14 20:59:39,O7UZ7HYUGMHUWSC3WC5OPLR5KTHEHM3WJIZT45RGCWYTDM2ZWUUQ,2021-11-15 23:30:00,23,22,No
418223699,Al Goanna 432,2021-11-14 21:27:24,OKYONQ5EC2Q6I2TWDHQFD7CSEZHNKFXYSLKSMXZCO2SLHGZRU4BQ,2021-11-16 04:48:00,23,22,No
418224422,Al Goanna 433,2021-11-15 01:08:14,GSC2YPQIPDQLB4RX3I3D3LF4JXC5CPT55Z6UJX7J3HF7NX5CNNMQ,2021-11-15 15:35:00,23,22,No
418225505,Al Goanna 434,2021-11-16 11:17:00,YXOMS5YYARQHVH3PHYAWY2MIHSW7MBUXOI36SHCHQVISZVEL2XSQ,NOT STAKED,22,0,No
418226238,Al Goanna 435,2021-11-18 01:35:11,YVLOQO5TQOUNC3DRTNEFHMMS2AY7K55RRZFVADCZQY2NOWRIRFRQ,2021-11-18 02:18:00,20,20,No
418226954,Al Goanna 436,2021-12-01 21:14:52,7JVMMVAHHJDNADWJTTDCPX4FNFQ2M3BKFCMJ6C2PW5EKE77PS35A,2021-12-01 21:30:00,6,6,No
418227757,Al Goanna 437,2021-11-14 23:38:52,FBKAROFQHIX5XEGOAKL755MLQPM4OFQ4NAXRCBC76CZ73SXITLFA,2021-11-16 11:24:00,23,22,No
418228431,Al Goanna 438,2021-11-14 18:12:22,YC43KIJ4YFTRNFVN5IYMIYGXSI7NMLZTGNZA25PQPH2N46OQJ5NA,2021-11-15 01:10:00,23,23,No
424727286,Goanna Stories 002,2021-11-17 03:08:19,WTRVHEVBOVGSXYBO2BNZRJEMEKQ55TUGS4K6P6Y67BEWFRPDXVFA,NOT STAKED,21,0,No
435015927,Al Goanna 439,2021-11-24 02:40:25,XW7FA3J3NCXVTHUP3ICJL7ZX7GKEGF44XS5JWZH36KNW53HLTP2A,NOT STAKED,14,0,No
435062343,Al Goanna 440,2021-11-21 22:41:54,LUJOB345ZBEELNIVNOMYEQ4QMTHUUZNU6RZ52GRCIPMTKCLKOIQQ,2021-11-22 02:26:00,16,16,No
435062845,Al Goanna 441,2021-11-21 22:49:56,EUNODFG43NV6D6A6X7XE7UOTIU6TS3GNGMZ7KFVRN7KLVSXUHTHQ,2021-11-21 22:51:00,16,16,No
435063502,Al Goanna 442,2021-11-21 22:32:48,4IOFJ5C7H2P7EQZTEONTKIEVLIHE7YTADBBYQXIJWBHVCDQPAGNA,2021-11-22 03:24:00,16,16,No
435064009,Al Goanna 443,2021-11-21 22:34:28,56PMK4JLQ3EAO33NSW2SR5UXU5G2YHHTI5DIPOTDOIZHQMDKNFHQ,2021-11-21 23:03:00,16,16,No
435064696,Al Goanna 444,2021-11-21 22:44:18,2HJBQKEZM2EZ5SXKEJJCPQK6CGYB6V4FUJ6M554NLS67PBFKPKWQ,2021-11-21 23:45:00,16,16,No
435065284,Al Goanna 445,2021-12-04 22:55:40,3O7A62BJQKUO3Z6YRJHETXEQ6QV3SH5DJ5G4YD5NBESNY3KMR76Q,2021-12-04 22:59:00,3,3,No
435065868,Al Goanna 446,2021-12-06 05:19:28,VQ3MCO7NCXP7AGIMECEPZ53CMJXDQMALW3ZFTCKHE5PXMNNGC64Q,2021-12-06 05:22:00,2,2,No
435066409,Al Goanna 447,2021-11-21 22:51:28,WYLFFLJG2D5JDKUZF4JVR4KKQUNVG32WIM65SZOJI5E34WYI3K3A,2021-11-21 23:10:00,16,16,No
435066977,Al Goanna 448,2021-11-22 04:17:28,7LOUJBBQEDRFD3NESL6LXAEKKTLDCVVPGWEWS5XK2ANOLW3X5WPA,2021-11-22 04:22:00,16,16,No
435067688,Al Goanna 449,2021-11-21 22:41:32,FSPPA3DYYDG5RE2QVOVDZ24P3POZVXOHAHCSJMJGSEDWKY7PVXVA,2021-11-26 09:21:00,16,12,No
435068291,Al Goanna 450,2021-11-21 22:17:06,K7R5X52R7LX5I4D26YYBW35HNO7SHZBTAY5RZB4C4MD62SG7776Q,2021-11-24 06:49:00,16,14,No
435068763,Al Goanna 451,2021-12-04 19:03:42,HT72NUBT5N32EX2P6QI4VPMUJQ5JCB4MXCF4WD7FTXEQEYMGTBDA,2021-12-04 21:49:00,3,3,No
435069474,Al Goanna 452,2021-11-21 22:56:08,HDJXDDWLMUB7VEUGMIAOMJPOYHBVDXAZKCY6NAPKEPJVMZ7NE4KA,2021-11-21 23:17:00,16,16,No
435070411,Al Goanna 453,2021-11-21 22:36:48,7Z4W6ESMKXXZIVJVCCHSI6YNBT7ZPAEZWIMMQA2EQUBRIOSN2RUQ,2021-11-24 06:49:00,16,14,No
435071083,Al Goanna 454,2021-11-23 18:18:38,VWEFXBGC2LBY5JUIQZ54SZ4XNUQ3M437V5OHTFWTQYX6T4NZBIMA,2021-11-29 02:00:00,14,9,No
435071772,Al Goanna 455,2021-11-21 22:31:56,IJFZQGKG3IZLRUDEHJCXTITJY7XFV6QF4D3HKUSN7LSUT453UU7A,2021-11-21 23:02:00,16,16,No
435072993,Al Goanna 456,2021-11-24 15:59:49,XHYTI3WKNVJ5NVEDKTI5E7XMSPEWWPHPZJZHDDDOVS4WJJENTJ5A,2021-11-24 22:10:00,13,13,No
435073627,Al Goanna 457,2021-11-21 22:36:52,R7XILMHDPOTJ5N6OWLMXGBSCHNBFKVOU5KSFJDCCJ6F4HLGQWEGA,NOT STAKED,16,0,No
435074224,Al Goanna 458,2021-11-21 22:35:38,QC46CQLGJYIWF2UTFIQHSX2WE5TJISEHHB5RNX5DMZXFXEQRUQTQ,2021-11-22 03:24:00,16,16,No
435074828,Al Goanna 459,2021-12-08 10:16:22,CKESPY27ZZEDSODC7BS5EAIEJKKECT2HS7IJXSN2HYUR77DAPDCA,NOT STAKED,0,0,No
435075432,Al Goanna 460,2021-11-21 22:01:55,WNSKHXWR2YFLBNEIPGBU2G7OFJTXDKRFF6MOMPRVON6NBR7OY2DA,2021-11-21 22:04:00,16,16,No
435076139,Al Goanna 461,2021-11-21 23:03:46,UYE7OIQBMTME4LSNFM3KZVXK33CKCIMOT6D3UF5KNTNNWLY7ZMQQ,NOT STAKED,16,0,No
435077024,Al Goanna 462,2021-11-21 22:10:00,7CAF4L5LTQXGDKM2S5HJO7VEUVLKVWI3SONN6F3HJLVDTIQDTBLQ,2021-11-21 23:28:00,16,16,No
445432410,Al Goanna 464,2021-12-06 05:01:44,PV5BU4INUKCGSJNNANRFMYPAYWOQT6LL7U3EKL26THCSLRORBJFA,2021-12-06 05:06:00,2,2,No
445437581,Al Goanna 465,2021-11-28 22:22:04,T4TDOVLBQMEHAANTR7NLXSBQIW7HK7FVCFVNFNWVT2VEBTC5SQJA,2021-11-28 22:58:00,9,9,No
445437910,Al Goanna 466,2021-11-28 22:42:14,ZTCQVG7PKPTYNBK3M5U2NUU5J3E3NBON34F6WFREKZXCMQACMYVQ,2021-11-29 00:53:00,9,9,No
445438349,Al Goanna 467,2021-11-28 08:45:22,C3VLC2OMR7ZMAAIBDTWMEFGRO3VE7UQR446DP7JBOMH52T74NVVQ,NOT STAKED,10,0,No
445439081,Al Goanna 468,2021-11-28 22:34:31,IFORVDRQGKZPY37WL3PSLHHTGPH4Z3XQJ23YVF5KQTO2WM3N3LJA,2021-11-28 23:43:00,9,9,No
445439401,Al Goanna 469,2021-11-28 08:45:39,JWUDQDERC5SXT44OLNFTMZL2DLHNW5JFZJQVL7UGULWNY2GNUJ6A,NOT STAKED,10,0,No
445439766,Al Goanna 470,2021-11-28 22:29:22,FZSKC5HKK7XKTG4JJQRZWNVYPP5T5CBHWXDKM5ZHRXDSL6MJ74DQ,2021-11-28 22:39:00,9,9,No
445440046,Al Goanna 471,2021-11-28 22:42:45,ASXHNKIHMN57QGDO32YA73PHWSGLHYM3PDX63MCZM4C2RETX34MA,2021-11-29 02:06:00,9,9,No
445440302,Al Goanna 472,2021-12-04 17:36:51,IWBQCRV2YMISCXO5N2BRECG3EGKONOWFKJQLSXLVU6NFE37BGY5Q,2021-12-04 17:41:00,3,3,No
445440739,Al Goanna 473,2021-11-28 08:45:57,V7RPGEBUETOZZRCL5YU4HDRQJZ734NYJVOT42WQ4U6GJWGADSE6Q,NOT STAKED,10,0,No
445441164,Al Goanna 474,2021-12-06 13:26:41,D7X6RREFOAHFIRCHJCNDMVPOCWBWDAXQCP4AQFGKA6GRNTMAWMDQ,NOT STAKED,1,0,No
445442004,Al Goanna 475,2021-11-28 22:12:44,YBIIYMS7GVDZLUYH3J4PCJ4ABRGHWIRNSTSQSLEICJQMAB5K6SJA,NOT STAKED,9,0,No
445442449,Al Goanna 476,2021-11-29 20:17:25,KNRJY3NRZCGTQIJGCFYPMY7T6ERLDI2J6E7S7LPTSJVVJINMCGWQ,2021-11-30 22:19:00,8,7,No
445442820,Al Goanna 477,2021-11-28 22:35:33,RRAPZKIYEP7KYHMBCOZHU3YCIT44KR4BEPO4FA2MT664YVJOWHMA,2021-11-30 22:19:00,9,7,No
445443099,Al Goanna 478,2021-11-28 08:46:14,B6UN2BJC2UBDMW6SB2IAPLJUCEIOQTPXXDZQHDEJM3LKPGZOA3BA,NOT STAKED,10,0,No
445444339,Al Goanna 479,2021-11-28 22:13:18,H345AGY6HXEUFTTNPEBBVNENKUYI42BFLOIFDJNBEUEFDFHROFCA,NOT STAKED,9,0,No
445444628,Al Goanna 480,2021-11-28 22:35:37,LRYCGWLTHG3LOQCV35TVCKYX65DR3B6CC2S3M6ECQUUFMXWUCB3A,2021-11-28 23:01:00,9,9,No
445444972,Al Goanna 481,2021-11-28 22:30:02,KJXMK4NCDOLV3KZNCIMB7TAAURXWVLWMU5KLBH767WW64LCSHCXQ,2021-11-29 00:16:00,9,9,No
445445226,Al Goanna 482,2021-11-28 22:43:15,7YIVVZA3F6KUMNTUC6FWEVSAZO2QKJTJR4PUL2QEEVBBV63RHIIA,2021-12-05 00:40:00,9,3,No
445445646,Al Goanna 483,2021-11-28 22:58:26,2V6PKT7ND4SGWOWMSBZJFFYQ7EU6EZRUA3SKWIE7IBKBKECQ6XHA,NOT STAKED,9,0,No
445446049,Al Goanna 484,2021-11-30 18:13:17,PIJDCEXFTYW6OUYHM6XB46IKRGX2YFLYVTUV7LJLCRGSOEHTFEUA,2021-11-30 18:15:00,7,7,No
445446541,Al Goanna 485,2021-11-29 21:50:45,N4IT6DY2JTRBOCTXUUFZMLRZ5AIU437ZMXVF7KJQP3ORYI5RADMQ,2021-11-30 22:40:00,8,7,No
445446786,Al Goanna 486,2021-11-28 22:02:06,MDN3NYBHBCUFGTCZUUPXSHY4L42RYO5KGIMFB2NQYFXJYZB2HZ6A,2021-11-28 22:59:00,9,9,No
445447240,Al Goanna 487,2021-12-07 16:08:24,4SZNWENGDIHN3CFWP3PRHAVMQV5OGDKNFTYJ4ADJNAZYAOPDXJRQ,NOT STAKED,0,0,No
445447548,Al Goanna 488,2021-11-29 20:23:10,VSYCPUIQSFSFDECSIXQFHTXACNNUOKB4544VKGF5F3OZJ3QHWEQA,2021-11-30 21:26:00,8,7,No
445448499,Al Goanna 489,2021-11-29 20:24:38,XXO654MP23VJ5DYZQMVQOXIJKPM4ERJMRA3PGTOUOSK5CPIE6XMQ,2021-11-30 21:26:00,8,7,No
