form_name,Date,Time,form_id,Wallet Address,ASA ID,Goanna Number,Unmoved,Voted,
New Form,,,,,,,,,
New Form,,,,,,,,,
New Form,,,,,,,,,
New Form,13 October 2021,08:46,a7ce3eb,5TOOCJSAZBPBV4LFH26JBJYPJXGQ4XCYAT44Z6ETZT6DHQIEIBTYBYW4CM,351152918,Goan203,,,
New Form,13 October 2021,08:47,a7ce3eb,5TOOCJSAZBPBV4LFH26JBJYPJXGQ4XCYAT44Z6ETZT6DHQIEIBTYBYW4CM,342594016,Goan126,,,
New Form,13 October 2021,08:48,a7ce3eb,5TOOCJSAZBPBV4LFH26JBJYPJXGQ4XCYAT44Z6ETZT6DHQIEIBTYBYW4CM,342591190,Goan123,,,
New Form,13 October 2021,08:48,a7ce3eb,5TOOCJSAZBPBV4LFH26JBJYPJXGQ4XCYAT44Z6ETZT6DHQIEIBTYBYW4CM,342614640,Goan140,,,
New Form,13 October 2021,08:49,a7ce3eb,MN53RLD7M7KZWTANTQRYQZWSPACBAJ3X6QSX56KIMKE2J2Y7FXMQSL5VIE,351149755,goan202,,,
New Form,13 October 2021,08:49,a7ce3eb,5TOOCJSAZBPBV4LFH26JBJYPJXGQ4XCYAT44Z6ETZT6DHQIEIBTYBYW4CM,342594798,Goan127,,,
New Form,13 October 2021,08:51,a7ce3eb,YXBJXD7HC22TWD2U76BVBRD3VYUWSYUEEKXQB4ZC6QA6KMYADSI6HPRDLQ,328562025,goan046,,,
New Form,13 October 2021,08:56,a7ce3eb,BXSAHPGA5FLUP5TJJRL24JZZTWXKAK3PRK45XSYPXZTRM3YNGFMJE2LOKA,351056633,185,,,
New Form,13 October 2021,08:56,a7ce3eb,ONQL3VACTHQDR64WY7TBTHHHXPWTQMY3FSFRDLIDPQAHSBJPZ5VEL4BAOU,328505062,goan015,,,
New Form,13 October 2021,08:57,a7ce3eb,ONQL3VACTHQDR64WY7TBTHHHXPWTQMY3FSFRDLIDPQAHSBJPZ5VEL4BAOU,328506449,goan017,,,
New Form,13 October 2021,08:58,a7ce3eb,DMNDH2RIL5C7VLW6DM2ZY7QVUSOLYOUFWASRAJMA2WQKJRCBA4ZX2MQLT4,351121689,goan192,,,
New Form,13 October 2021,08:58,a7ce3eb,ONQL3VACTHQDR64WY7TBTHHHXPWTQMY3FSFRDLIDPQAHSBJPZ5VEL4BAOU,342632405,goan148,,,
New Form,13 October 2021,09:01,a7ce3eb,ZQMBFUQZLCQ3R537COHWYJDABZAMEKO5L4CQ4KYKT7MHJXM73N6XKNESBE,342634860,goan151,,,
New Form,13 October 2021,09:02,a7ce3eb,ZQMBFUQZLCQ3R537COHWYJDABZAMEKO5L4CQ4KYKT7MHJXM73N6XKNESBE,351148747,goan201,,,
New Form,13 October 2021,09:03,a7ce3eb,MLFVS7JYC5S7TEWUWDY5HHJTCS3EHWV6KZKOM43Q2RSCX6VZH7DEBJXZYQ,357881145,238,,,
,,,,,,,,,
,,,,,,,,,
,,,,,,,,,
,,,,,,,,,
,,,,,,,,,
,,,,,,,,,
,,,,,,,,,
,,,,,,,,,
,,,,,,,,,
,,,,,,,,,
,,,,,,,,,
,,,,,,,,,
,,,,,,,,,
,,,,,,,,,
,,,,,,,,,1
New Form,13 October 2021,09:45,a7ce3eb,X56BUMTPEJZCWQU436FHQYW4BBDB4EKLUQ5JJFZ254JDL2VQJW62S64AM4,328560895,goan045,,,
New Form,13 October 2021,09:46,a7ce3eb,X56BUMTPEJZCWQU436FHQYW4BBDB4EKLUQ5JJFZ254JDL2VQJW62S64AM4,342575058,goan109,,,
New Form,13 October 2021,09:47,a7ce3eb,X56BUMTPEJZCWQU436FHQYW4BBDB4EKLUQ5JJFZ254JDL2VQJW62S64AM4,342634204,goan150,,,
New Form,13 October 2021,09:48,a7ce3eb,OU3KHPZ54WHETIVS5WIRU5CPJWNGJR3SARF3VY7NPZ4E5MGPZKV3M4V24Q,351143875,goan198,,,
New Form,13 October 2021,10:14,a7ce3eb,VKCAZ25G72A2M2P6WG7NXGQCTDKTWFBM6SPZN5J3BPHYYUJ4WHXFXWAA2E,328541524,goan035,,,
New Form,13 October 2021,10:18,a7ce3eb,HP3A4ZKEWWUP2BWONKUTCTM62A7KZCJGQAX6I4BTZBSHQLPTBW6I7JM6RE,342602142,Goan133,,,
New Form,13 October 2021,10:19,a7ce3eb,HP3A4ZKEWWUP2BWONKUTCTM62A7KZCJGQAX6I4BTZBSHQLPTBW6I7JM6RE,357857972,Goan231,,,
New Form,13 October 2021,10:20,a7ce3eb,M4GXWNYKCJAK73EU6H5CN2P6YX3WRIELSUHSS7L2TOQQENA4XOWFVHALXQ,351058627,goan188,,,
New Form,13 October 2021,10:21,a7ce3eb,WUEWKJSSVK3MIZJYCH2CSX6N57IULH3K3KNMHNVVFLQP7U5YP7ZGZLEQTI,334801479,goan067,,,
New Form,13 October 2021,10:21,a7ce3eb,M4GXWNYKCJAK73EU6H5CN2P6YX3WRIELSUHSS7L2TOQQENA4XOWFVHALXQ,335090720,goan069,,,
New Form,13 October 2021,10:44,a7ce3eb,OYTR2DE5VX4636Y7YYTJS7TG6EIQV6W3F23XISFXSSBQMJC7FKD72AVU24,335140288,goan083,,,
New Form,13 October 2021,10:47,a7ce3eb,FUWJ24IYMTN66XIGQDUDNIPKUKMWCO723S7YDLOESIPEF6NP7DJA2GDYFA,351165507,goan206,,,
New Form,13 October 2021,10:49,a7ce3eb,FUWJ24IYMTN66XIGQDUDNIPKUKMWCO723S7YDLOESIPEF6NP7DJA2GDYFA,334798386,goan064,,,
New Form,13 October 2021,11:21,a7ce3eb,CGNODFO37UUEATINXJMG2ZOJLP3WZYOSHD6TKTRO4N7U2DUMWPRMKMVS24,342618350,143,,,
New Form,13 October 2021,11:35,a7ce3eb,4BLYUPC2LN66SMDMT5CWJOREJOAVOQ3JSUCPXA35VHDQJWL3R6JUM65FFE,328537993,Goan031,,,
New Form,13 October 2021,11:35,a7ce3eb,4BLYUPC2LN66SMDMT5CWJOREJOAVOQ3JSUCPXA35VHDQJWL3R6JUM65FFE,328543527,Goan037,,,
New Form,13 October 2021,11:36,a7ce3eb,4BLYUPC2LN66SMDMT5CWJOREJOAVOQ3JSUCPXA35VHDQJWL3R6JUM65FFE,342575821,Goan110,,,
New Form,13 October 2021,11:37,a7ce3eb,4BLYUPC2LN66SMDMT5CWJOREJOAVOQ3JSUCPXA35VHDQJWL3R6JUM65FFE,351049598,Goan183,,,
New Form,13 October 2021,11:41,a7ce3eb,4BLYUPC2LN66SMDMT5CWJOREJOAVOQ3JSUCPXA35VHDQJWL3R6JUM65FFE,351049598,Goan183,,,
New Form,13 October 2021,11:41,a7ce3eb,4BLYUPC2LN66SMDMT5CWJOREJOAVOQ3JSUCPXA35VHDQJWL3R6JUM65FFE,351049598,Goan183,,,
New Form,13 October 2021,11:45,a7ce3eb,ROFLZCFF6HKVPSDI6XCVS4TA4DQ5LWM2GPXLA4ZN6QZLLCQIKTPL7UADYU,337013855,102,,,
New Form,13 October 2021,11:45,a7ce3eb,ROFLZCFF6HKVPSDI6XCVS4TA4DQ5LWM2GPXLA4ZN6QZLLCQIKTPL7UADYU,342581684,117,,,
New Form,13 October 2021,11:45,a7ce3eb,ROFLZCFF6HKVPSDI6XCVS4TA4DQ5LWM2GPXLA4ZN6QZLLCQIKTPL7UADYU,357812204,217,,,
New Form,13 October 2021,11:50,a7ce3eb,GKS2N6R3O4TGD3MAKRQK6M2FQVTWHC7JTLUGTPVJ5QP5NOI7PR6DIUWN2M,335150903,88,,,
New Form,13 October 2021,12:15,a7ce3eb,GHEJLOIATZDRYCK7UPXEDOOSAPVOJMGMJRAOPBBK7OJVGWRRDLFLCD2RU4,342638767,Al Gonna 155,,,
New Form,13 October 2021,12:20,a7ce3eb,IGFF4UBMSVNMLN5RX3GBB2DHNLMVE2KB7VOQARDSUNACSXP3DYYTO42BOM,337015576,Goanna 104,,,
New Form,13 October 2021,12:33,a7ce3eb,IIYRGK3GI3JZYGCCV2QQLOTYFSZL7M4UQTDB2Y22IX2TP4K7W4ZLXFBLVY,328530483,Goanna 029,,,
New Form,13 October 2021,12:44,a7ce3eb,5DYIZMX7N4SAB44HLVRUGLYBPSN4UMPDZVTX7V73AIRMJQA3LKTENTLFZ4,351165061,goan205,,,
New Form,13 October 2021,12:51,a7ce3eb,JNGVZ2WSPNPR7SGM5XTU3MXY6PY6ZLQNLHFJGTXZ5BTSR266YT4XSVBALI,328495176,goan004,,,
New Form,13 October 2021,12:55,a7ce3eb,KRZYFYXTQ3YK5ADN4VFYFHGRLA6RGUIEO3D54LZC3MV5LKI66P3LDLPVTI,328523922,goan024,,,
New Form,13 October 2021,12:56,a7ce3eb,KRZYFYXTQ3YK5ADN4VFYFHGRLA6RGUIEO3D54LZC3MV5LKI66P3LDLPVTI,342574076,goan107,,,
New Form,13 October 2021,13:11,a7ce3eb,KTVJRRJTJIC4IASL5QHDAVDHVFAFKCJBSABFLTJ6VB66HRDU2EXS4TAAMM,328521744,22,,,
New Form,13 October 2021,13:34,a7ce3eb,HEXENI6ERQPEOR6DJQCG5C2VOZHMMHHJST5DJAJFKK3TGQELHHFIB55VJE,334795728,goan061,,,
New Form,13 October 2021,13:34,a7ce3eb,HEXENI6ERQPEOR6DJQCG5C2VOZHMMHHJST5DJAJFKK3TGQELHHFIB55VJE,335149637,goan086,,,
New Form,13 October 2021,13:35,a7ce3eb,HEXENI6ERQPEOR6DJQCG5C2VOZHMMHHJST5DJAJFKK3TGQELHHFIB55VJE,342582343,goan118,,,
New Form,13 October 2021,13:36,a7ce3eb,HEXENI6ERQPEOR6DJQCG5C2VOZHMMHHJST5DJAJFKK3TGQELHHFIB55VJE,350987324,goan162,,,
New Form,13 October 2021,13:37,a7ce3eb,HEXENI6ERQPEOR6DJQCG5C2VOZHMMHHJST5DJAJFKK3TGQELHHFIB55VJE,357878647,goan234,,,
New Form,13 October 2021,13:38,a7ce3eb,HEXENI6ERQPEOR6DJQCG5C2VOZHMMHHJST5DJAJFKK3TGQELHHFIB55VJE,357878647,goan234,,,
New Form,13 October 2021,13:43,a7ce3eb,KCQHW3G3KJHHUMFYFZNTBR2QYQEJKN2PENVJWHQUBC3OWAIEFZ7ID7IGWI,335131430,76,,,
New Form,13 October 2021,13:43,a7ce3eb,KCQHW3G3KJHHUMFYFZNTBR2QYQEJKN2PENVJWHQUBC3OWAIEFZ7ID7IGWI,351046627,179,,,
New Form,13 October 2021,13:47,a7ce3eb,RYAMX6ZCK3PDTLYFQEXXBIH7CIOXEYPSNZIBVWEKDVAU7ROHSYY5FA2GTY,342604022,goan135,,,
New Form,13 October 2021,13:50,a7ce3eb,R7HCUCNED4ZPBCHWIMNQVL7JMKPWVW7DVONV77DMAKLG6UTKY7LPUXPENE,350961963,Goan159,,,
New Form,13 October 2021,13:54,a7ce3eb,7666EISCAZ6NSIB5MR633UKU5PU4LF2KGDAN2U6AMSQ7EPVJWAITX5EG7M,328522422,Al Goanna 023,,,
New Form,13 October 2021,14:12,a7ce3eb,ZFP6AKVACLY7RENSLA2MM46ZCQTHSVTQYHCV2LMSJBCBC7Q4WZXQI4M3MA,335138360,goan80,,,
New Form,13 October 2021,14:27,a7ce3eb,Q7FIRGP4V4TSIJFNWEEW4YGCCQFKH4L54QY34N3JDTAO6WUD4CYM2VSW2I,342592000,124,,,
New Form,13 October 2021,14:28,a7ce3eb,Q7FIRGP4V4TSIJFNWEEW4YGCCQFKH4L54QY34N3JDTAO6WUD4CYM2VSW2I,342592000,goan124,,,
New Form,13 October 2021,14:48,a7ce3eb,D5QAPJ6N5DV36N3QSYFH5QG65HBKFUVMWFW6HUVFZTOH4E3PVXKNPWO4SQ,334797107,goan062,,,
New Form,13 October 2021,14:49,a7ce3eb,D5QAPJ6N5DV36N3QSYFH5QG65HBKFUVMWFW6HUVFZTOH4E3PVXKNPWO4SQ,351036402,goan174,,,
New Form,13 October 2021,15:01,a7ce3eb,T6GFGXLDKHLQ4EMUZBIINROY5AUE46JYWRZ3W37ZOKNRAJZEP5QJFJKNXI,357821399,goan226,,,
New Form,13 October 2021,15:16,a7ce3eb,UOAQZDLKE3ETBJNEUMSZKHITFLVNJKLXOBFDJOSFORDCFZ2GV6INIUIPKQ,350992944,goan169,,,
New Form,13 October 2021,15:16,a7ce3eb,PSLFKS2X3GIEXADVUASY6KBI6FWXGM7RTR56UMHLQABGGM3LQQW3GYV2YA,357857342,goan230,,,
New Form,13 October 2021,15:30,a7ce3eb,UBITI5DSTBGCPBZA5B2GSX4YXPGNGY74JJT5SZXHIEEZKW6RH3X5PF62C4,357807687,212,,,
New Form,13 October 2021,15:49,a7ce3eb,ZZAFT3EUXGLJGOCXQEKW467S5WYVRGDRSE4X75VTQNMQQFLEISPX2JTEPA,350990941,goan167,,,
New Form,13 October 2021,15:50,a7ce3eb,Q7FIRGP4V4TSIJFNWEEW4YGCCQFKH4L54QY34N3JDTAO6WUD4CYM2VSW2I,328524762,goan025,,,
New Form,13 October 2021,16:10,a7ce3eb,PHV3EOJSTTPYYGI6HGMNQTCOLFVCREATQGIJQXAR474YJBQICSULR752PA,335091495,goan070,,,
New Form,13 October 2021,16:20,a7ce3eb,WMLWVPG6TLRW3FZBU3TFB44IYALIDPTWD2IS3WP2QZD2PDH4QZBK5PHAM4,342597464,128,,,
New Form,13 October 2021,16:31,a7ce3eb,N42L7IIGQGZA7OGNLGQXZWBUZHQYH5HJVU3M6625KGOMHWFFOFPAID22VA,342576919,goan112,,,
New Form,13 October 2021,16:32,a7ce3eb,N42L7IIGQGZA7OGNLGQXZWBUZHQYH5HJVU3M6625KGOMHWFFOFPAID22VA,342593153,goan125,,,
New Form,13 October 2021,16:33,a7ce3eb,N42L7IIGQGZA7OGNLGQXZWBUZHQYH5HJVU3M6625KGOMHWFFOFPAID22VA,342593153,goan125,,,
New Form,13 October 2021,16:33,a7ce3eb,N42L7IIGQGZA7OGNLGQXZWBUZHQYH5HJVU3M6625KGOMHWFFOFPAID22VA,351045938,goan177,,,
New Form,13 October 2021,16:34,a7ce3eb,N42L7IIGQGZA7OGNLGQXZWBUZHQYH5HJVU3M6625KGOMHWFFOFPAID22VA,357877467,goan232,,,
New Form,13 October 2021,16:49,a7ce3eb,QC2YVYO55RAU5IHNWBNEYTSREELW6PYA4DYSQMU4DE4YPY6D4LLPVJ4XYM,342610168,Goan136,,,
New Form,13 October 2021,17:13,a7ce3eb,C6X3WBVPAXUA4LWDM7N6CIGHZIMWZAF77NLEENSXBIZUWPVQKLWGSBPYJ4,351056027,goan184,,,
New Form,13 October 2021,17:21,a7ce3eb,RYAMX6ZCK3PDTLYFQEXXBIH7CIOXEYPSNZIBVWEKDVAU7ROHSYY5FA2GTY,328505825,goan016,,,
New Form,13 October 2021,17:50,a7ce3eb,ABVGIW4L54GQHLQM6VWYHAJT6JUSVJBFI2Y2IZEECNQ77HT4G52MWDCU3I,335127139,goan073,,,
New Form,13 October 2021,18:22,a7ce3eb,FX37CPVL3OEBYUWNUSJR24TWJEUVHVICXTYDW3K3OIWMLMO7YXD7QGDH3E,335151590,goan089,,,
New Form,13 October 2021,18:23,a7ce3eb,7VXPA5PZREV2YIOP2OK5FUIHAJZBBYIUAEJP7FPEAX2QBZUFARO2A6CIBY,342574643,108,,,
New Form,13 October 2021,18:23,a7ce3eb,FX37CPVL3OEBYUWNUSJR24TWJEUVHVICXTYDW3K3OIWMLMO7YXD7QGDH3E,335167490,goan096,,,
New Form,13 October 2021,18:24,a7ce3eb,7VXPA5PZREV2YIOP2OK5FUIHAJZBBYIUAEJP7FPEAX2QBZUFARO2A6CIBY,342613206,139,,,
New Form,13 October 2021,18:31,a7ce3eb,WOVOVWGGGKCE5F34NMFVDSCNUM7HRKTCT6BUWVF6CVMCUSDLKIPB4TRUQE,357880107,Goan236,,,
New Form,13 October 2021,18:34,a7ce3eb,J53FGXAFZKRXOUJ4XXUBEO3BCHH4VCW2RQ5TWW6BJD2LS3A332QHD5J24Q,335181136,goan098,,,
New Form,13 October 2021,18:35,a7ce3eb,J53FGXAFZKRXOUJ4XXUBEO3BCHH4VCW2RQ5TWW6BJD2LS3A332QHD5J24Q,342630781,goan146,,,
New Form,13 October 2021,18:35,a7ce3eb,J53FGXAFZKRXOUJ4XXUBEO3BCHH4VCW2RQ5TWW6BJD2LS3A332QHD5J24Q,351057416,goan186,,,
New Form,13 October 2021,18:40,a7ce3eb,5FYIBJXRX5CPUV22KKSDD5BOLL7BK33NSPNSVKRIP5TEWI3SB3KBGQMVXY,328550271,goan041,,,
New Form,13 October 2021,19:03,a7ce3eb,GOANXI2VQ4QIVRPCCX3HBMDM3HAAL2W6KTQGZBTT3453MRAHSOGKFVAORQ,357882255,goan240,,,
New Form,13 October 2021,19:06,a7ce3eb,5CIRYGA436RITHGDJDWV5GLYSZEGODMHXQSJGE6VBZUUDXMJEWRIPN7ZPY,334799499,goan065,,,
New Form,13 October 2021,19:07,a7ce3eb,5CIRYGA436RITHGDJDWV5GLYSZEGODMHXQSJGE6VBZUUDXMJEWRIPN7ZPY,357882255,goan240,,,
New Form,13 October 2021,19:31,a7ce3eb,JFZT2UCRPPZFMV2PJNMSWJ7OYC3ZRPPKVPMLNAL6HZYLB5BV2X3F5QUPLU,335136344,goan077,,,
New Form,13 October 2021,19:35,a7ce3eb,U22FH5HFBSZDPNVEUOEGOKGHQHET52VP67EMR3GPFHSSDCXLD7JUE6YXDU,357829470,goan229,,,
New Form,13 October 2021,20:05,a7ce3eb,OWLCUFTOGACLCGGE2UQEIUSJGXI7Y5BBPQ77FFJ3YFD64TQMQ5CQZLBPNQ,350989983,goan166,,,
New Form,13 October 2021,20:09,a7ce3eb,V54H3GDGF2SZCTDZX3GF4LOYBHZ222IJKQBDMNB5KJJPDPUIGIJ5DLLA5E,335137631,goan079,,,
New Form,13 October 2021,20:50,a7ce3eb,3JN2Z6J7J5FKPFMS5JBPBFQL5F3NOPER5C46FIEMCCQTUOTPX64INB2RWY,357813498,goan220,,,
New Form,13 October 2021,20:59,a7ce3eb,GLZOSBCVKCTMLOMDHQR2SEI6DCEJ4FJNU5QM4W523IVK33YMTF5TE3B5U4,335136993,goan078,,,
New Form,13 October 2021,21:09,a7ce3eb,6CZWV3M4OVDNNGFEOWCSFRJUQLKL6KR2QJEPYDP66GZC4C6KB7HMSSXAV4,357815902,goan222,,,
New Form,13 October 2021,22:28,a7ce3eb,TOTKGFU2VJF2LQNRHY4MVILEMGNCETW22J5CDRVF3MBRYGDEB7B6JRPA4U,357880623,goan237,,,
New Form,13 October 2021,23:09,a7ce3eb,7LCMCXBTGLUYOKQ3FCJ6UZ26OO4MEKBNIGBCPUD2VDP5R66HC4NETTQAEE,350989295,goan165,,,
New Form,14 October 2021,00:22,a7ce3eb,RQ4VF6JSQPSYZZGBEZVL4LU2PZ5NGOMCC5BY5XTNTRQIZGIKG3KCWGBCN4,335153323,goan090,,,
New Form,14 October 2021,00:27,a7ce3eb,MCZN73M2OZ7LXGTKQVLXDEA7MU562I5QPWVTJSN2VYI5GXCEFZVRT5YT3Y,339188311,goan081,,,
New Form,14 October 2021,00:27,a7ce3eb,6VYSJP4UXMTJLQDJ4F3QX26LGKG5USZQRGAVEFNFQNYW7PSZGCFSSB4VOE,330600155,goan056,,,
New Form,14 October 2021,00:28,a7ce3eb,MCZN73M2OZ7LXGTKQVLXDEA7MU562I5QPWVTJSN2VYI5GXCEFZVRT5YT3Y,351018216,goan170,,,
New Form,14 October 2021,00:31,a7ce3eb,GVM6HK5RMNGWETQ7M3JGH3Z5PAGQGZVIKJLEXFEZVXEROKR2SAFIVUWETU,351036049,goan173,,,
New Form,14 October 2021,00:38,a7ce3eb,4S6KF7VIUEHM2FJ4A27KKDMH2WVVPCQYAJKAWPHFJF7Q4IJUWYL3MRWCHQ,334783124,goan058,,,
New Form,14 October 2021,00:39,a7ce3eb,4S6KF7VIUEHM2FJ4A27KKDMH2WVVPCQYAJKAWPHFJF7Q4IJUWYL3MRWCHQ,342636903,goan153,,,
New Form,14 October 2021,00:44,a7ce3eb,Z24LSVAXHQNLL32GCTJKE24MSASETMQJXFFNEEIDWKZDF5AGPLJAXUZHB4,335128012,74,,,
New Form,14 October 2021,00:57,a7ce3eb,SH7AFTOIFA4JCIDQGVUY64SENWDKY4W5PHJNJCCIOL4NWSKYYVU33NNU2U,342629086,goan144,,,
New Form,14 October 2021,00:57,a7ce3eb,SH7AFTOIFA4JCIDQGVUY64SENWDKY4W5PHJNJCCIOL4NWSKYYVU33NNU2U,342629086,goan144,,,
New Form,14 October 2021,00:59,a7ce3eb,SH7AFTOIFA4JCIDQGVUY64SENWDKY4W5PHJNJCCIOL4NWSKYYVU33NNU2U,342629086,goan144,,,
New Form,14 October 2021,01:07,a7ce3eb,SH7AFTOIFA4JCIDQGVUY64SENWDKY4W5PHJNJCCIOL4NWSKYYVU33NNU2U,351045432,goan176,,,
New Form,14 October 2021,01:10,a7ce3eb,SH7AFTOIFA4JCIDQGVUY64SENWDKY4W5PHJNJCCIOL4NWSKYYVU33NNU2U,357879213,goan235,,,
New Form,14 October 2021,01:28,a7ce3eb,MD4K6UYS2NERWWMECATQHUPPWJIYPSHJGJXZIQ4JTL2CMH3XARIFQEX7GM,357810208,goan213,,,
New Form,14 October 2021,01:28,a7ce3eb,MD4K6UYS2NERWWMECATQHUPPWJIYPSHJGJXZIQ4JTL2CMH3XARIFQEX7GM,357810208,213,,,
New Form,14 October 2021,01:30,a7ce3eb,MD4K6UYS2NERWWMECATQHUPPWJIYPSHJGJXZIQ4JTL2CMH3XARIFQEX7GM,357810208,213,,,
New Form,14 October 2021,01:30,a7ce3eb,MD4K6UYS2NERWWMECATQHUPPWJIYPSHJGJXZIQ4JTL2CMH3XARIFQEX7GM,357810208,goan213,,,
New Form,14 October 2021,01:56,a7ce3eb,NAQEQRZSYJWRK7ICCXSSH3K3ZCJOFOGFN62JVAZG7VWGOPYZ3BIOIJYEIQ,342589913,goan122,,,
New Form,14 October 2021,01:56,a7ce3eb,NAQEQRZSYJWRK7ICCXSSH3K3ZCJOFOGFN62JVAZG7VWGOPYZ3BIOIJYEIQ,342589913,goan122,,,
New Form,14 October 2021,02:17,a7ce3eb,7KGO4DF5MVDZZ5BXMCWUBHJGYPFQZT3ZKISJ7IOVNUBUTRPU5YXE66M6FE,328539074,goan032,,,
New Form,14 October 2021,02:17,a7ce3eb,7KGO4DF5MVDZZ5BXMCWUBHJGYPFQZT3ZKISJ7IOVNUBUTRPU5YXE66M6FE,328539074,goan032,,,
New Form,14 October 2021,02:19,a7ce3eb,7KGO4DF5MVDZZ5BXMCWUBHJGYPFQZT3ZKISJ7IOVNUBUTRPU5YXE66M6FE,328539074,goan032,,,
New Form,14 October 2021,02:20,a7ce3eb,7KGO4DF5MVDZZ5BXMCWUBHJGYPFQZT3ZKISJ7IOVNUBUTRPU5YXE66M6FE,328540781,goan034,,,
New Form,14 October 2021,02:21,a7ce3eb,7KGO4DF5MVDZZ5BXMCWUBHJGYPFQZT3ZKISJ7IOVNUBUTRPU5YXE66M6FE,342579388,goan115,,,
New Form,14 October 2021,02:21,a7ce3eb,7KGO4DF5MVDZZ5BXMCWUBHJGYPFQZT3ZKISJ7IOVNUBUTRPU5YXE66M6FE,342598236,goan129,,,
New Form,14 October 2021,02:42,a7ce3eb,BULB5YQHHXSUW5RDV247OR3HYSEE2M5JWVNGYW3XZM6XKCCNWZPRIN63HU,357881713,goan239,,,
New Form,14 October 2021,02:43,a7ce3eb,BULB5YQHHXSUW5RDV247OR3HYSEE2M5JWVNGYW3XZM6XKCCNWZPRIN63HU,357881713,goan239,,,
New Form,14 October 2021,03:03,a7ce3eb,GOANXXXXXX123456,AA test,123456,,,
New Form,,,a7ce3eb,GOANXXXXXX123456,AA test,123456,,,
New Form,,,a7ce3eb,ARKMB6EVDITFFNBT4BYSRFYRKHV6KNFV2KD2JPU7TOZ7A2JUJF5D3IV2J4,342616181,goan141,,,
New Form,14 October 2021,03:47,a7ce3eb,WVVGO6VAADQEIGYV6WHOOYJF7S33ETIONYUKOWVK3JDND3W4LD7I53GQSU,328544786,goan038,,,
New Form,14 October 2021,03:49,a7ce3eb,WVVGO6VAADQEIGYV6WHOOYJF7S33ETIONYUKOWVK3JDND3W4LD7I53GQSU,328544786,goan038,,,
New Form,14 October 2021,04:01,a7ce3eb,YDJ2VGN2YP2EFXMIKWLJRIKWHDKYJRD7RRH7GN5AD22F6EEP2YG4B5DZYE,335119178,goan071,,,
New Form,14 October 2021,04:01,a7ce3eb,YDJ2VGN2YP2EFXMIKWLJRIKWHDKYJRD7RRH7GN5AD22F6EEP2YG4B5DZYE,335119178,goan071,,,
New Form,14 October 2021,04:03,a7ce3eb,YDJ2VGN2YP2EFXMIKWLJRIKWHDKYJRD7RRH7GN5AD22F6EEP2YG4B5DZYE,335119178,goan071,,,
New Form,14 October 2021,04:05,a7ce3eb,YDJ2VGN2YP2EFXMIKWLJRIKWHDKYJRD7RRH7GN5AD22F6EEP2YG4B5DZYE,335119178,goan071,,,
New Form,14 October 2021,04:05,a7ce3eb,Y2BQMKH4ZU5DADCDRYPZ6CNFM2QZLC5TIRHJC34C466HYIKF4OFD4FXQLY,351142474,Goan197,,,
New Form,14 October 2021,04:06,a7ce3eb,X3LMK2ALZM3KGHF6UTADNSWWDAYRSXOZLO2J6DA3OYHHTOFLAWIN57GBKE,351046296,goan178,,,
New Form,14 October 2021,04:06,a7ce3eb,X3LMK2ALZM3KGHF6UTADNSWWDAYRSXOZLO2J6DA3OYHHTOFLAWIN57GBKE,351046296,goan178,,,
New Form,14 October 2021,04:07,a7ce3eb,Y2BQMKH4ZU5DADCDRYPZ6CNFM2QZLC5TIRHJC34C466HYIKF4OFD4FXQLY,351142474,Goan197,,,
New Form,14 October 2021,04:07,a7ce3eb,Y2BQMKH4ZU5DADCDRYPZ6CNFM2QZLC5TIRHJC34C466HYIKF4OFD4FXQLY,351142474,Goan197,,,
New Form,14 October 2021,04:08,a7ce3eb,Y2BQMKH4ZU5DADCDRYPZ6CNFM2QZLC5TIRHJC34C466HYIKF4OFD4FXQLY,351142474,Goan197,,,
New Form,14 October 2021,04:08,a7ce3eb,X3LMK2ALZM3KGHF6UTADNSWWDAYRSXOZLO2J6DA3OYHHTOFLAWIN57GBKE,351046296,goan178,,,
New Form,14 October 2021,04:08,a7ce3eb,Y2BQMKH4ZU5DADCDRYPZ6CNFM2QZLC5TIRHJC34C466HYIKF4OFD4FXQLY,351142474,Goan197,,,
New Form,14 October 2021,04:08,a7ce3eb,Y2BQMKH4ZU5DADCDRYPZ6CNFM2QZLC5TIRHJC34C466HYIKF4OFD4FXQLY,351142474,goan197,,,
New Form,14 October 2021,04:09,a7ce3eb,Y2BQMKH4ZU5DADCDRYPZ6CNFM2QZLC5TIRHJC34C466HYIKF4OFD4FXQLY,351142474,Goan197,,,
New Form,14 October 2021,04:09,a7ce3eb,Y2BQMKH4ZU5DADCDRYPZ6CNFM2QZLC5TIRHJC34C466HYIKF4OFD4FXQLY,351142474,Goan197,,,
New Form,14 October 2021,04:10,a7ce3eb,Y2BQMKH4ZU5DADCDRYPZ6CNFM2QZLC5TIRHJC34C466HYIKF4OFD4FXQLY,351142474,Goan197,,,
New Form,14 October 2021,04:10,a7ce3eb,Y2BQMKH4ZU5DADCDRYPZ6CNFM2QZLC5TIRHJC34C466HYIKF4OFD4FXQLY,351142474,Goan197,,,
New Form,14 October 2021,04:10,a7ce3eb,X3LMK2ALZM3KGHF6UTADNSWWDAYRSXOZLO2J6DA3OYHHTOFLAWIN57GBKE,351046296,goan178,,,
New Form,14 October 2021,04:11,a7ce3eb,X3LMK2ALZM3KGHF6UTADNSWWDAYRSXOZLO2J6DA3OYHHTOFLAWIN57GBKE,351046296,178,,,
New Form,14 October 2021,04:11,a7ce3eb,GOAN X3LMK2ALZM3KGHF6UTADNSWWDAYRSXOZLO2J6DA3OYHHTOFLAWIN57GBKE,351046296,goan178,,,
New Form,14 October 2021,04:12,a7ce3eb,Y2BQMKH4ZU5DADCDRYPZ6CNFM2QZLC5TIRHJC34C466HYIKF4OFD4FXQLY,351142474,Goan197,,,
New Form,14 October 2021,04:13,a7ce3eb,Y2BQMKH4ZU5DADCDRYPZ6CNFM2QZLC5TIRHJC34C466HYIKF4OFD4FXQLY,351142474,Goan197,,,
New Form,14 October 2021,04:13,a7ce3eb,Y2BQMKH4ZU5DADCDRYPZ6CNFM2QZLC5TIRHJC34C466HYIKF4OFD4FXQLY,351142474,197,,,
New Form,14 October 2021,04:14,a7ce3eb,Y2BQMKH4ZU5DADCDRYPZ6CNFM2QZLC5TIRHJC34C466HYIKF4OFD4FXQLY,351142474,Goa 197,,,
New Form,14 October 2021,04:14,a7ce3eb,GOANX3LMK2ALZM3KGHF6UTADNSWWDAYRSXOZLO2J6DA3OYHHTOFLAWIN57GBKE,351046296,goan178,,,
New Form,14 October 2021,04:16,a7ce3eb,X3LMK2ALZM3KGHF6UTADNSWWDAYRSXOZLO2J6DA3OYHHTOFLAWIN57GBKE,351046296,goan178,,,
New Form,14 October 2021,04:16,a7ce3eb,X3LMK2ALZM3KGHF6UTADNSWWDAYRSXOZLO2J6DA3OYHHTOFLAWIN57GBKE,351046296,goan178,,,
New Form,14 October 2021,04:19,a7ce3eb,X3LMK2ALZM3KGHF6UTADNSWWDAYRSXOZLO2J6DA3OYHHTOFLAWIN57GBKE,351046296,goan178,,,
New Form,14 October 2021,04:19,a7ce3eb,GoanY2BQMKH4ZU5DADCDRYPZ6CNFM2QZLC5TIRHJC34C466HYIKF4OFD4FXQLY,351142474,Goan197,,,
New Form,14 October 2021,04:19,a7ce3eb,Y2BQMKH4ZU5DADCDRYPZ6CNFM2QZLC5TIRHJC34C466HYIKF4OFD4FXQLY,351142474,Goan197,,,
New Form,14 October 2021,04:19,a7ce3eb,GOANY2BQMKH4ZU5DADCDRYPZ6CNFM2QZLC5TIRHJC34C466HYIKF4OFD4FXQLY,351142474,Goan197,,,
New Form,14 October 2021,04:28,a7ce3eb,S67L3TLT42GQAJG5JI4T3VQ7F46Y3BOZCHE4S53SGTNHRJJTQCNEXL5C2Y,328500390,goan009,,,
New Form,14 October 2021,04:29,a7ce3eb,S67L3TLT42GQAJG5JI4T3VQ7F46Y3BOZCHE4S53SGTNHRJJTQCNEXL5C2Y,328500390,goan009,,,
New Form,14 October 2021,04:30,a7ce3eb,S67L3TLT42GQAJG5JI4T3VQ7F46Y3BOZCHE4S53SGTNHRJJTQCNEXL5C2Y,328536863,goan030,,,
New Form,14 October 2021,04:31,a7ce3eb,S67L3TLT42GQAJG5JI4T3VQ7F46Y3BOZCHE4S53SGTNHRJJTQCNEXL5C2Y,328536863,goan030,,,
New Form,14 October 2021,04:32,a7ce3eb,S67L3TLT42GQAJG5JI4T3VQ7F46Y3BOZCHE4S53SGTNHRJJTQCNEXL5C2Y,328536863,goan030,,,
New Form,14 October 2021,04:33,a7ce3eb,S67L3TLT42GQAJG5JI4T3VQ7F46Y3BOZCHE4S53SGTNHRJJTQCNEXL5C2Y,328536863,goan030,,,
New Form,14 October 2021,04:40,a7ce3eb,S67L3TLT42GQAJG5JI4T3VQ7F46Y3BOZCHE4S53SGTNHRJJTQCNEXL5C2Y,328536863,goan030,,,
New Form,14 October 2021,04:40,a7ce3eb,S67L3TLT42GQAJG5JI4T3VQ7F46Y3BOZCHE4S53SGTNHRJJTQCNEXL5C2Y,328536863,goan030,,,
New Form,14 October 2021,04:49,a7ce3eb,ADYPJJIQZFQZXIRU7D43U5HIH5GSYUF3VRYA5UJXHWGNMWZR23CRH7CIKY,335166961,goan095,,,
New Form,14 October 2021,04:50,a7ce3eb,ADYPJJIQZFQZXIRU7D43U5HIH5GSYUF3VRYA5UJXHWGNMWZR23CRH7CIKY,342599162,goan130,,,
New Form,14 October 2021,04:50,a7ce3eb,ADYPJJIQZFQZXIRU7D43U5HIH5GSYUF3VRYA5UJXHWGNMWZR23CRH7CIKY,358122092,goan246,,,
New Form,14 October 2021,07:00,a7ce3eb,LQSOZ532NBPMZ2HNGKWD3ETTMPUYFVFTXBP5CSXAVTELZMG2U7DS5LTKXA,357878164,goan233,,,
New Form,14 October 2021,07:00,a7ce3eb,LQSOZ532NBPMZ2HNGKWD3ETTMPUYFVFTXBP5CSXAVTELZMG2U7DS5LTKXA,357878164,goan233,,,
New Form,14 October 2021,07:01,a7ce3eb,goanLQSOZ532NBPMZ2HNGKWD3ETTMPUYFVFTXBP5CSXAVTELZMG2U7DS5LTKXA,357878164,goan233,,,
New Form,14 October 2021,07:16,a7ce3eb,MQULKZO4Z5SL3VEDBJ7EHNPRH4NUML3BZU4BTZJFOKJASQTYOO34KA3QU4,351121162,goan191,,,
New Form,14 October 2021,07:16,a7ce3eb,MQULKZO4Z5SL3VEDBJ7EHNPRH4NUML3BZU4BTZJFOKJASQTYOO34KA3QU4,351121162,goan191,,,
New Form,14 October 2021,08:00,a7ce3eb,GOAN46VDVWCGWQ5ITLEHHF5MMRPTD76VPCJBOH5SK6S5DO7CC5HI3FMLYDHSD4,342612630,goan138,,,
New Form,14 October 2021,08:00,a7ce3eb,GOANBOYU3XDCVQVDVX6BKB6SXN4UKTTQNWF6BAKNJAFEZCOHI5PMLLSUZ4,342612630,goan138,,,
New Form,14 October 2021,08:02,a7ce3eb,UNLLZQ66KXLCOCQGCBDMNYFEQOPABU3JPGRTCNMTCTNNVAJYYUUOYDZIT4,351159041,goan204,,,
New Form,14 October 2021,08:02,a7ce3eb,46VDVWCGWQ5ITLEHHF5MMRPTD76VPCJBOH5SK6S5DO7CC5HI3FMLYDHSD4,328494610,goan003,,,
New Form,14 October 2021,08:03,a7ce3eb,GOAN46VDVWCGWQ5ITLEHHF5MMRPTD76VPCJBOH5SK6S5DO7CC5HI3FMLYDHSD4,328494610,goan003,,,
New Form,14 October 2021,08:04,a7ce3eb,UNLLZQ66KXLCOCQGCBDMNYFEQOPABU3JPGRTCNMTCTNNVAJYYUUOYDZIT4,351159041,204,,,
New Form,14 October 2021,08:05,a7ce3eb,UNLLZQ66KXLCOCQGCBDMNYFEQOPABU3JPGRTCNMTCTNNVAJYYUUOYDZIT4,351159041,Goan204,,,
New Form,14 October 2021,08:07,a7ce3eb,UNLLZQ66KXLCOCQGCBDMNYFEQOPABU3JPGRTCNMTCTNNVAJYYUUOYDZIT4,351159041,goan204,,,
New Form,14 October 2021,08:08,a7ce3eb,UNLLZQ66KXLCOCQGCBDMNYFEQOPABU3JPGRTCNMTCTNNVAJYYUUOYDZIT4,351159041,goan204,,,
New Form,14 October 2021,08:08,a7ce3eb,46VDVWCGWQ5ITLEHHF5MMRPTD76VPCJBOH5SK6S5DO7CC5HI3FMLYDHSD4,342612630,goan138,,,
New Form,14 October 2021,08:09,a7ce3eb,46VDVWCGWQ5ITLEHHF5MMRPTD76VPCJBOH5SK6S5DO7CC5HI3FMLYDHSD4,342612630,goan138,,,
New Form,14 October 2021,08:09,a7ce3eb,46VDVWCGWQ5ITLEHHF5MMRPTD76VPCJBOH5SK6S5DO7CC5HI3FMLYDHSD4,342612630,goan138,,,
New Form,14 October 2021,08:09,a7ce3eb,46VDVWCGWQ5ITLEHHF5MMRPTD76VPCJBOH5SK6S5DO7CC5HI3FMLYDHSD4,342612630,goan138,,,
New Form,14 October 2021,08:10,a7ce3eb,46VDVWCGWQ5ITLEHHF5MMRPTD76VPCJBOH5SK6S5DO7CC5HI3FMLYDHSD4,342612630,goan138,,,
New Form,14 October 2021,08:10,a7ce3eb,46VDVWCGWQ5ITLEHHF5MMRPTD76VPCJBOH5SK6S5DO7CC5HI3FMLYDHSD4,342612630,goan138,,,
New Form,14 October 2021,08:10,a7ce3eb,46VDVWCGWQ5ITLEHHF5MMRPTD76VPCJBOH5SK6S5DO7CC5HI3FMLYDHSD4,342612630,goan138,,,
New Form,14 October 2021,08:11,a7ce3eb,46VDVWCGWQ5ITLEHHF5MMRPTD76VPCJBOH5SK6S5DO7CC5HI3FMLYDHSD4,342612630,goan138,,,
New Form,14 October 2021,08:12,a7ce3eb,46VDVWCGWQ5ITLEHHF5MMRPTD76VPCJBOH5SK6S5DO7CC5HI3FMLYDHSD4,342612630,goan138,,,
New Form,14 October 2021,08:13,a7ce3eb,46VDVWCGWQ5ITLEHHF5MMRPTD76VPCJBOH5SK6S5DO7CC5HI3FMLYDHSD4,342612630,goan138,,,
New Form,14 October 2021,08:15,a7ce3eb,46VDVWCGWQ5ITLEHHF5MMRPTD76VPCJBOH5SK6S5DO7CC5HI3FMLYDHSD4,342612630,goan138,,,
New Form,14 October 2021,08:16,a7ce3eb,46VDVWCGWQ5ITLEHHF5MMRPTD76VPCJBOH5SK6S5DO7CC5HI3FMLYDHSD4,342612630,goan138,,,
New Form,14 October 2021,08:19,a7ce3eb,46VDVWCGWQ5ITLEHHF5MMRPTD76VPCJBOH5SK6S5DO7CC5HI3FMLYDHSD4,342612630,goan138,,,
New Form,14 October 2021,08:21,a7ce3eb,Y3BIJNAGFGV2KJUHY2VP72CFMPEBNNSG6WFHE2B6EYIQVZQL53TC33MTCM,357814858,goan221,,,
New Form,14 October 2021,08:21,a7ce3eb,Y3BIJNAGFGV2KJUHY2VP72CFMPEBNNSG6WFHE2B6EYIQVZQL53TC33MTCM,357814858,goan221,,,
New Form,14 October 2021,08:21,a7ce3eb,Y3BIJNAGFGV2KJUHY2VP72CFMPEBNNSG6WFHE2B6EYIQVZQL53TC33MTCM,357814858,goan221,,,
New Form,14 October 2021,08:21,a7ce3eb,Y3BIJNAGFGV2KJUHY2VP72CFMPEBNNSG6WFHE2B6EYIQVZQL53TC33MTCM,357814858,goan221,,,
New Form,14 October 2021,08:21,a7ce3eb,Y3BIJNAGFGV2KJUHY2VP72CFMPEBNNSG6WFHE2B6EYIQVZQL53TC33MTCM,357814858,goan221,,,
New Form,14 October 2021,08:22,a7ce3eb,Y3BIJNAGFGV2KJUHY2VP72CFMPEBNNSG6WFHE2B6EYIQVZQL53TC33MTCM,357814858,goan221,,,
New Form,14 October 2021,08:22,a7ce3eb,Y3BIJNAGFGV2KJUHY2VP72CFMPEBNNSG6WFHE2B6EYIQVZQL53TC33MTCM,357814858,goan221,,,
New Form,14 October 2021,08:22,a7ce3eb,Y3BIJNAGFGV2KJUHY2VP72CFMPEBNNSG6WFHE2B6EYIQVZQL53TC33MTCM,357814858,goan221,,,
New Form,14 October 2021,08:22,a7ce3eb,Y3BIJNAGFGV2KJUHY2VP72CFMPEBNNSG6WFHE2B6EYIQVZQL53TC33MTCM,357814858,goan221,,,
New Form,14 October 2021,08:22,a7ce3eb,Y3BIJNAGFGV2KJUHY2VP72CFMPEBNNSG6WFHE2B6EYIQVZQL53TC33MTCM,357814858,goan221,,,
New Form,14 October 2021,08:22,a7ce3eb,Y3BIJNAGFGV2KJUHY2VP72CFMPEBNNSG6WFHE2B6EYIQVZQL53TC33MTCM,357814858,goan221,,,
New Form,14 October 2021,08:22,a7ce3eb,Y3BIJNAGFGV2KJUHY2VP72CFMPEBNNSG6WFHE2B6EYIQVZQL53TC33MTCM,357814858,goan221,,,
New Form,14 October 2021,08:23,a7ce3eb,5TPYPXLJKJD2GTAE5Z6WVZLEY2ZIZN4I7NP7ZLL7GYEZVV5L27QYBMNPRU,357805558,goan208,,,
New Form,14 October 2021,08:23,a7ce3eb,5TPYPXLJKJD2GTAE5Z6WVZLEY2ZIZN4I7NP7ZLL7GYEZVV5L27QYBMNPRU,357805558,goan208,,,
New Form,14 October 2021,08:24,a7ce3eb,Y3BIJNAGFGV2KJUHY2VP72CFMPEBNNSG6WFHE2B6EYIQVZQL53TC33MTCM,357814858,goan221,,,
New Form,14 October 2021,08:26,a7ce3eb,Y3BIJNAGFGV2KJUHY2VP72CFMPEBNNSG6WFHE2B6EYIQVZQL53TC33MTCM,357812643,goan218,,,
New Form,14 October 2021,08:26,a7ce3eb,Y3BIJNAGFGV2KJUHY2VP72CFMPEBNNSG6WFHE2B6EYIQVZQL53TC33MTCM,357812643,goan218,,,
New Form,14 October 2021,08:29,a7ce3eb,5TPYPXLJKJD2GTAE5Z6WVZLEY2ZIZN4I7NP7ZLL7GYEZVV5L27QYBMNPRU,357805558,goan208,,,
New Form,14 October 2021,08:38,a7ce3eb,BEQJVR3G6VCJVR6ZMLA2FSTKSWJVCJZ3HTDG2PKQMR5FUM7LYFHGMR33H4,351047051,goan180,,,
New Form,14 October 2021,08:40,a7ce3eb,BEQJVR3G6VCJVR6ZMLA2FSTKSWJVCJZ3HTDG2PKQMR5FUM7LYFHGMR33H4,351047051,180,,,
New Form,14 October 2021,08:43,a7ce3eb,BEQJVR3G6VCJVR6ZMLA2FSTKSWJVCJZ3HTDG2PKQMR5FUM7LYFHGMR33H4,351047051,goan180,,,
New Form,14 October 2021,08:58,a7ce3eb,5TPYPXLJKJD2GTAE5Z6WVZLEY2ZIZN4I7NP7ZLL7GYEZVV5L27QYBMNPRU,357805558,goan208,,,
New Form,14 October 2021,08:59,a7ce3eb,5TPYPXLJKJD2GTAE5Z6WVZLEY2ZIZN4I7NP7ZLL7GYEZVV5L27QYBMNPRU,342629720,goan145,,,
New Form,14 October 2021,08:59,a7ce3eb,5TPYPXLJKJD2GTAE5Z6WVZLEY2ZIZN4I7NP7ZLL7GYEZVV5L27QYBMNPRU,342638033,goan154,,,
New Form,14 October 2021,09:36,a7ce3eb,UNLLZQ66KXLCOCQGCBDMNYFEQOPABU3JPGRTCNMTCTNNVAJYYUUOYDZIT4,351159041,goan204,,,
New Form,14 October 2021,10:10,a7ce3eb,XWJ6UN54FCW2P56QFBROUYXNYOU3RXKO6RN7ICM3FZA4JZJ4ZMUVB66ZBQ,335181726,goan099,,,
New Form,14 October 2021,10:11,a7ce3eb,XWJ6UN54FCW2P56QFBROUYXNYOU3RXKO6RN7ICM3FZA4JZJ4ZMUVB66ZBQ,351165928,goan207,,,
New Form,14 October 2021,10:56,a7ce3eb,KXYFP6GZ34FJRXB3EL6BRHUXVJYXUWROUKVSMZSSJ4QSGJWKFUY7HHLFFI,358119742,goan242,,,
New Form,14 October 2021,11:06,a7ce3eb,OOSC6DE6AC7WEQKBVMSP24HSOKEV3V7ZHRXUT7XBUA2C6AMYXKHMJ63AME,350986888,goan161,,,
New Form,14 October 2021,11:07,a7ce3eb,OOSC6DE6AC7WEQKBVMSP24HSOKEV3V7ZHRXUT7XBUA2C6AMYXKHMJ63AME,357820948,goan225,,,
New Form,14 October 2021,11:07,a7ce3eb,OOSC6DE6AC7WEQKBVMSP24HSOKEV3V7ZHRXUT7XBUA2C6AMYXKHMJ63AME,358120725,goan244,,,
New Form,14 October 2021,11:53,a7ce3eb,FGTWN64BRH4VILY2VYZ5AVK7VGZCUW5V3BMDXVJZI4I6FCZHBSTROXL3V4,335155944,goan093,,,
New Form,14 October 2021,12:44,a7ce3eb,Y2BQMKH4ZU5DADCDRYPZ6CNFM2QZLC5TIRHJC34C466HYIKF4OFD4FXQLY,351142474,Goan197,,,
New Form,14 October 2021,13:28,a7ce3eb,UZR6NP5A6VYLR5UMLEEP4MLU44PZ4JFXYVPAXKR4GRXUI2LG4DFBGETU5U,334797672,goan063,,,
New Form,14 October 2021,14:05,a7ce3eb,OCRBO3BE4PAWN6EQNFCUAHXKCCZ7HTSAYLX2L2BBUXO2JVMT2FBRHY6WDE,351059326,Al Goanna 189,,,
New Form,14 October 2021,14:11,a7ce3eb,YCWJMQFATTCZ5Q4WE5FM2SGP5ZUDCE3SOTRZTL5TKHIMWDGIKUPSTP4G3U,351036782,Goan175,,,
New Form,14 October 2021,16:34,a7ce3eb,MTHJXLVE7KGRUQB65JUEPSJ63DBBIVEI2HIREDSLUMZGWEXCOFN6BCB5LE,351147149,goan199,,,
New Form,14 October 2021,19:35,a7ce3eb,Z5ZBN46LN6S6ZE5X74FKZDDTOJN6LUSTU3NMT34UAGPGG5FLF6HLFFV6QI,326189642,goan001,,,
New Form,14 October 2021,19:35,a7ce3eb,Z5ZBN46LN6S6ZE5X74FKZDDTOJN6LUSTU3NMT34UAGPGG5FLF6HLFFV6QI,328501539,goan010,,,
New Form,14 October 2021,19:36,a7ce3eb,Z5ZBN46LN6S6ZE5X74FKZDDTOJN6LUSTU3NMT34UAGPGG5FLF6HLFFV6QI,328504167,goan014,,,
New Form,14 October 2021,19:36,a7ce3eb,Z5ZBN46LN6S6ZE5X74FKZDDTOJN6LUSTU3NMT34UAGPGG5FLF6HLFFV6QI,342617512,goan142,,,
New Form,14 October 2021,19:51,a7ce3eb,C47CEMAW4KYGVJA7NNSYMLTYBDHBVUFSHTXDJISARHBR2WB375WZDHKE5M,337015250,goan103,,,
New Form,14 October 2021,20:10,a7ce3eb,S57GTRK476S5VCBVB57OUJ7GD5XIZ4UQGV6K74KSE3HJTVZ6RJ63GFDZTU,342631450,goan147,,,
New Form,14 October 2021,23:12,a7ce3eb,AKK7QRK3YOM5WT5JD7R5VUBYFETVKA7N2F54KAA6HPSAMNGXGRUGDNITWM,328528518,goan028,,,
New Form,15 October 2021,00:26,a7ce3eb,UQWVL7CCHJMV5UTSP5XBS5OD7ZV7B4ROKOYTYV4P67ID4I6KJ2WRGDTYCE,358120030,goan243,,,
New Form,15 October 2021,01:10,a7ce3eb,SZZUDWJXTJT4CUBB2CWDWGTTY2L3UQEIVIPYSRTLMJYXJC6PGWM4RBKNIM,342601496,goan132,,,
New Form,15 October 2021,01:55,a7ce3eb,ZO2NWIZFCPYVYC425HKUMQ5IP2VT6XLAK2O4HS6RDIQKDGYS54P43QS5GU,335121926,goan072,,,
New Form,15 October 2021,03:05,a7ce3eb,XXKODOCDQGRXGXSFUSYXVY2YU3J54HBO2WJ4PGO24PRNGOPRPCLNOGHX7Q,357806679,Al Goanna 210,,,
New Form,15 October 2021,03:06,a7ce3eb,XXKODOCDQGRXGXSFUSYXVY2YU3J54HBO2WJ4PGO24PRNGOPRPCLNOGHX7Q,357806679,goan210,,,
New Form,15 October 2021,03:07,a7ce3eb,XXKODOCDQGRXGXSFUSYXVY2YU3J54HBO2WJ4PGO24PRNGOPRPCLNOGHX7Q,357828954,goan228,,,
New Form,15 October 2021,06:58,a7ce3eb,TRYJLP3MWVVY7B2YPWVGUWVHW575UXEHCBRS5JWEU5U6VW3PU64UPXJ7IY,357883312,241,,,
New Form,15 October 2021,14:17,a7ce3eb,UMPGMQDKTGBZ5TGC54KLX5ALOUY2DCLG4F4MM6SQVIWDRJ7V5IQKB4JHQM,328499699,Goanna 008,,,
New Form,15 October 2021,14:20,a7ce3eb,UMPGMQDKTGBZ5TGC54KLX5ALOUY2DCLG4F4MM6SQVIWDRJ7V5IQKB4JHQM,342600767,Goanna 131,,,
New Form,15 October 2021,14:48,a7ce3eb,BDMOQVMGIK4ECQTSBNXPG3RU5DPN2AXPWWOESE6YIYW6BNAW4XVBDEP3T4,350988162,163,,,
New Form,15 October 2021,15:10,a7ce3eb,DMNDH2RIL5C7VLW6DM2ZY7QVUSOLYOUFWASRAJMA2WQKJRCBA4ZX2MQLT4,351121689,goan192,,,
New Form,15 October 2021,19:56,a7ce3eb,YC2IHZB5EM5JHDQWFF3WXBXZDEERLRE4E3SUWDERUCOTBHK74MMA7JUD24,337015864,goan105,,,
New Form,15 October 2021,22:18,a7ce3eb,3NIYJUYHHWRV5WN5IRMIIZC64MXTCHPKFVP2JIAA3NLON6C5TYO4EYJRCY,342599162,goan130,,,
New Form,15 October 2021,23:41,a7ce3eb,ANA3OXFMEBYCSE7RMRHVC3I5GOQHUVJCEJ4SAM7J7UL5ISCGNP3I57BZL4,357813060,goan219,,,
New Form,17 October 2021,22:05,a7ce3eb,UZKIK6WBGZLODXVV2AXUGRDAEGQNVNFHFTQTUTG5FUIDIGHIDDE5KJCUIQ,370142504,goan255,,,
New Form,17 October 2021,22:24,a7ce3eb,JBC5KK5BFJAK7ZRINMLBD6WVQORVWDSUHD2W7H32K4F6CYH4KUVJNLIRBM,370138614,goan248,,,
New Form,17 October 2021,22:39,a7ce3eb,GOANA6VYHJFE2MFQESFPBAJL7CZ2HNKYV7DBZW5S26QHJX7NEN43YKTUUVA6HA,370212202,goan278,,,
New Form,17 October 2021,22:44,a7ce3eb,A6VYHJFE2MFQESFPBAJL7CZ2HNKYV7DBZW5S26QHJX7NEN43YKTUUVA6HA,370212202,goan278,,,
New Form,17 October 2021,23:21,a7ce3eb,YSUS47D7DW2EAKHOO2YBVF5YIGU2MHH4AF2SXFP24R7PFGIRL6QWZMG4FA,370141772,254,,,
New Form,17 October 2021,23:30,a7ce3eb,CYMWQJBG2RN2GSQ5F64XBY4GFRHZ3TNYYHCE52YHY5XELL6ZT4MZS34V4E,370141226,goan253,,,
New Form,17 October 2021,23:49,a7ce3eb,MN53RLD7M7KZWTANTQRYQZWSPACBAJ3X6QSX56KIMKE2J2Y7FXMQSL5VIE,370200032,goan268,,,
New Form,18 October 2021,00:16,a7ce3eb,X72HIFURAFI6JME6QJ6B22TBUO5SLVLAWAGWCVETMGF3X4EGIVOFKQ7WZA,370208620,goan275,,,
New Form,18 October 2021,01:34,a7ce3eb,ITNOIPSLAAWY7V4JR3SBAMR77G47IHKSNSZNTEVWKFY6GBY5JJ3OAYNRG4,370221172,283,,,
New Form,18 October 2021,01:48,a7ce3eb,RRSI77BEQC7PENEQQMNISQIPYDDUUXYRWFCHC3EPW3WNQUXFPMNFFEEVKA,370202895,goan270,,,
New Form,18 October 2021,02:33,a7ce3eb,KNURDUNQR5XEKTUGCHKPOFDJ76METNMWIUVWQPMTHYM66EPUBJTDKS463A,370193543,goan265,,,
New Form,18 October 2021,02:33,a7ce3eb,3JN2Z6J7J5FKPFMS5JBPBFQL5F3NOPER5C46FIEMCCQTUOTPX64INB2RWY,370192715,goan264,,,
New Form,18 October 2021,03:22,a7ce3eb,4ZJCUAI4ICO6XJDRQVX6GBSRR6CHKF32WRSMD4K4L2XDWEO7MCUE2U633U,370216009,goan280,,,
New Form,18 October 2021,03:30,a7ce3eb,CYDIR3EYWVEPOZJU3AL7VA5FRQCSIFKAVX4SUZLVUR6HB5EW4T7BHWXETA,370146144,goan256,,,
New Form,18 October 2021,05:24,a7ce3eb,QWWQJGDCKPANWVVZXXMARS2VYE4IU3SKRPCZBBF5U4IW2WQLWKY23Y4MGI,370175275,goan258,,,
New Form,18 October 2021,10:20,a7ce3eb,MRRYS72IFGW2EFOHZ3CQQQCCDEQI4OT3WLEQJCPK5J4QYYDGGNAUH7TAKE,337012926,goan101,,,
New Form,18 October 2021,13:47,a7ce3eb,UZR6NP5A6VYLR5UMLEEP4MLU44PZ4JFXYVPAXKR4GRXUI2LG4DFBGETU5U,370209227,goan276,,,
New Form,18 October 2021,15:04,a7ce3eb,XOZHBLNWUX2CJRFAJ4VIXMQEYGE6CGKCFINBU2RCNZ575AIJI3VFMNYLYE,370177059,goan260,,,
New Form,18 October 2021,19:19,a7ce3eb,BXBTDIY64XMDGI2UREDZ7I76HXLIP56JCL3OJ2QMSYX3GJXMISCAD7CPEM,370139149,goan249,,,
New Form,18 October 2021,19:20,a7ce3eb,GOANBXBTDIY64XMDGI2UREDZ7I76HXLIP56JCL3OJ2QMSYX3GJXMISCAD7CPEM,370139149,goan249,,,
New Form,18 October 2021,19:46,a7ce3eb,SDZF43DYLEJRDQXD6XKXHQYKT4Z5BXTEWXWGOCB5JCH3UNI7YLJSNROMGQ,370140833,goan252,,,
New Form,18 October 2021,19:47,a7ce3eb,46VDVWCGWQ5ITLEHHF5MMRPTD76VPCJBOH5SK6S5DO7CC5HI3FMLYDHSD4,370203657,goan271,,,
New Form,18 October 2021,22:15,a7ce3eb,6CZWV3M4OVDNNGFEOWCSFRJUQLKL6KR2QJEPYDP66GZC4C6KB7HMSSXAV4,350960333,goan158,,,
New Form,18 October 2021,22:37,a7ce3eb,TST23NXXWWQ5RUR5TVBG5KK3HPUJDLKACLWX27EOOEN5FTQ4FYIFTBTFP4,370222671,goan285,,,
New Form,18 October 2021,23:13,a7ce3eb,LNBGMN2BDYCGYFOHH4Q3NZCHSF5XUT4X6NVIYBIDVTL5RW6OHSH52BKCHM,328546381,goan040,,,
New Form,18 October 2021,23:15,a7ce3eb,LNBGMN2BDYCGYFOHH4Q3NZCHSF5XUT4X6NVIYBIDVTL5RW6OHSH52BKCHM,357811513,goan216,,,
New Form,18 October 2021,23:27,a7ce3eb,UZR6NP5A6VYLR5UMLEEP4MLU44PZ4JFXYVPAXKR4GRXUI2LG4DFBGETU5U,351147615,goan200,,,
New Form,19 October 2021,02:54,a7ce3eb,C7MHHEKEBP6GGYTRW5SDCVS4BIXXIELXCXEWF567T5MOUGBTAADEJC2ZNM,370222171,goan284,,,
New Form,19 October 2021,03:45,a7ce3eb,VH5UJGMCDD5OFES2SIUBT6Y72FV7JK7VFPIQOQOO5FMU6RLWKES4SAFWMY,328507319,goan018,,,
New Form,19 October 2021,13:19,a7ce3eb,DMNDH2RIL5C7VLW6DM2ZY7QVUSOLYOUFWASRAJMA2WQKJRCBA4ZX2MQLT4,370208074,goan274,,,
New Form,19 October 2021,16:27,a7ce3eb,M4GXWNYKCJAK73EU6H5CN2P6YX3WRIELSUHSS7L2TOQQENA4XOWFVHALXQ,342583957,goan120,,,
New Form,19 October 2021,16:52,a7ce3eb,5Y3Z5N74AOQHYI4EP37BCTUQH43HZ5RKPBUGF4PSPGAWAUEVVDJ2GC35FQ,335180015,goan097,,,
New Form,19 October 2021,19:33,a7ce3eb,HEXENI6ERQPEOR6DJQCG5C2VOZHMMHHJST5DJAJFKK3TGQELHHFIB55VJE,370180272,goan263,,,
New Form,20 October 2021,01:06,a7ce3eb,VKCAZ25G72A2M2P6WG7NXGQCTDKTWFBM6SPZN5J3BPHYYUJ4WHXFXWAA2E,357820088,goan223,,,
New Form,20 October 2021,03:21,a7ce3eb,UMPGMQDKTGBZ5TGC54KLX5ALOUY2DCLG4F4MM6SQVIWDRJ7V5IQKB4JHQM,335154671,Goanna 091,,,
New Form,20 October 2021,03:22,a7ce3eb,UMPGMQDKTGBZ5TGC54KLX5ALOUY2DCLG4F4MM6SQVIWDRJ7V5IQKB4JHQM,357822102,Goanna 227,,,
New Form,20 October 2021,07:51,a7ce3eb,KONFK2UZGS6ITJWFUBQT5E4OB2PGWQTDPPQDLTVZ7BWROFL7MELQBVJTGY,370204471,goan272,,,
New Form,20 October 2021,11:13,a7ce3eb,X7UBMVPMD2FK6T3AOJONS2D6BPE5VDTLPUAMIEA6VMBAYSAPFJ4WVGUTCQ,370178088,goan261,,,
New Form,20 October 2021,12:58,a7ce3eb,LPK6DZHLUFQCVSMGGBMPW3HWVQSGOWED3VBXOZOTNTLPXHCJJDSM4MFJQ4,342633196,goan149,,,
New Form,20 October 2021,13:00,a7ce3eb,LPK6DZHLUFQCVSMGGBMPW3HWVQSGOWED3VBXOZOTNTLPXHCJJDSM4MFJQ4,350992075,goan168,,,
New Form,20 October 2021,13:01,a7ce3eb,LPK6DZHLUFQCVSMGGBMPW3HWVQSGOWED3VBXOZOTNTLPXHCJJDSM4MFJQ4,351127310,goan193,,,
New Form,20 October 2021,13:22,a7ce3eb,JNFGD2Y2S4Z5HNJ5SCXVCT6DDGKSB6QVZG6DKKNMZKHJND5T3ZB4CN5QO4,335090720,goan069,,,
New Form,20 October 2021,13:51,a7ce3eb,6CZWV3M4OVDNNGFEOWCSFRJUQLKL6KR2QJEPYDP66GZC4C6KB7HMSSXAV4,370140425,goan251,,,
New Form,21 October 2021,02:00,a7ce3eb,BDMOQVMGIK4ECQTSBNXPG3RU5DPN2AXPWWOESE6YIYW6BNAW4XVBDEP3T4,370211487,277,,,
New Form,21 October 2021,13:29,a7ce3eb,IKOUNKDYRHHK6NTU4ZVWRIRILB64CQ2FUGQHA3Z2WLXD5V7ZOEGM2NOLXA,334800560,goan066,,,
New Form,21 October 2021,19:55,a7ce3eb,A2XV3XRU2YOP2CDF5WIP67ZMEL6E4646KWQU2PLBLTMMT42763F4XDCWW4,351049039,Goan182,,,
New Form,21 October 2021,21:27,a7ce3eb,U6MSVSGUKBRGQRXLU2XBS6A3FWLIL4EDYODWKFNZJHCBXPRXU2I4A64LKA,328545759,goan039,,,
New Form,21 October 2021,22:19,a7ce3eb,U6MSVSGUKBRGQRXLU2XBS6A3FWLIL4EDYODWKFNZJHCBXPRXU2I4A64LKA,334802763,goan068,,,
New Form,22 October 2021,02:28,a7ce3eb,PZAG4PDFUBMNLBVVL7WNRNP56ZXEUSYRNDQLX4I6TDTV43B3G7BTJIE5JQ,370216600,goan281,,,
New Form,22 October 2021,05:15,a7ce3eb,PKYSA727RRYV5FQBNHCA4O7EWSHHUNH7RP563JSTIMPKL2ISXNTMIQZCQE,370220151,goan282,,,
New Form,22 October 2021,22:56,a7ce3eb,KRZYFYXTQ3YK5ADN4VFYFHGRLA6RGUIEO3D54LZC3MV5LKI66P3LDLPVTI,378186307,goan315,,,
New Form,22 October 2021,23:14,a7ce3eb,RL5HH6H2W3VYEHZKSU35YHZBL72YLBSLEOBXAPD57CDAZD2PRZYAD7VYN4,378181799,goan310,,,
New Form,22 October 2021,23:15,a7ce3eb,DBTHF3EZU2IYD4GYSM5ONAVYKLCWBPBUBK2VBBRKJKRE7DMRSAUQ5SJAPE,378159732,goan299,,,
New Form,22 October 2021,23:23,a7ce3eb,GR3CBKOJSLUYLAA2ORSUELHQ632NGHM2JKHBCVXOESTD57ELHNKVZVXY3Y,378184850,goan313,,,
New Form,23 October 2021,05:29,a7ce3eb,J53FGXAFZKRXOUJ4XXUBEO3BCHH4VCW2RQ5TWW6BJD2LS3A332QHD5J24Q,378144244,goan286,,,
New Form,23 October 2021,07:36,a7ce3eb,XOZHBLNWUX2CJRFAJ4VIXMQEYGE6CGKCFINBU2RCNZ575AIJI3VFMNYLYE,370177059,goan260,,,
New Form,23 October 2021,09:08,a7ce3eb,6CZWV3M4OVDNNGFEOWCSFRJUQLKL6KR2QJEPYDP66GZC4C6KB7HMSSXAV4,328502288,goan011,,,
New Form,23 October 2021,09:18,a7ce3eb,6CZWV3M4OVDNNGFEOWCSFRJUQLKL6KR2QJEPYDP66GZC4C6KB7HMSSXAV4,378156031,goan293,,,
New Form,23 October 2021,09:30,a7ce3eb,HK26QFNCJPYNBC4CDRRCMYW4N7Y373PXYNGY7IRWTOHMXLAI6TLAXBNGXU,378175401,goan303,,,
New Form,23 October 2021,10:40,a7ce3eb,NH73MRXUMQJXWLLRXXH6LD2WJY74WXUPIO6GWDD5DYDD6D2TMQJPGNRPPY,350988713,goan164,,,
New Form,23 October 2021,11:11,a7ce3eb,M4GXWNYKCJAK73EU6H5CN2P6YX3WRIELSUHSS7L2TOQQENA4XOWFVHALXQ,350988162,goan163,,,
New Form,23 October 2021,12:11,a7ce3eb,CRGXRRGCQ5DXLGPT3D4XUK3ZFC5CNFKLPUDPYHMPN5CBUDCAFZ7OTVGHCU,357806075,goan209,,,
New Form,23 October 2021,14:53,a7ce3eb,LGRZT3N7DNRBFZXM4YD6FEYQQTNOMKBJVVQFZYP76KVD6ZCFP3GY3OGDDY,378148381,goan291,,,
New Form,23 October 2021,16:32,a7ce3eb,4RKHJ22LLZWEOFIGJ3CJICZADOH6YP5KI5BEIVAOTFWEXQ5HKCJLFEP5XI,378180154,goan309,,,
New Form,23 October 2021,17:11,a7ce3eb,NMLTK55ZB2ZYJ3ZX5USHQTDKKMPKQXYG34LKYFFK2WDSVW7VNYZTA7DQ4Y,370211487,goan277,,,
New Form,23 October 2021,18:53,a7ce3eb,4NQY3NPQGBIYXO62RKJE3Z7K76YZNGEVMGCY6QOKALVBTIKCZYBQNKQEME,334794211,goan059,,,
New Form,23 October 2021,18:54,a7ce3eb,4NQY3NPQGBIYXO62RKJE3Z7K76YZNGEVMGCY6QOKALVBTIKCZYBQNKQEME,334794211,goan059,,,
New Form,23 October 2021,18:55,a7ce3eb,4NQY3NPQGBIYXO62RKJE3Z7K76YZNGEVMGCY6QOKALVBTIKCZYBQNKQEME,335150149,goan087,,,
New Form,24 October 2021,00:10,a7ce3eb,2K57HUAYCF2NYKJBL75M7ZKMQZRJF2GUI5SUIXIZACJDQTW5X4WBS3JWBA,342584684,goan121,,,
New Form,24 October 2021,00:15,a7ce3eb,HP3A4ZKEWWUP2BWONKUTCTM62A7KZCJGQAX6I4BTZBSHQLPTBW6I7JM6RE,342602142,goan133,,,
New Form,24 October 2021,01:04,a7ce3eb,H7POIIKAWIECGMVRJROSTXDGPDTUWOPT5WVSILJFVZUCGZKAHDY744KXXI,378157329,295,,,
New Form,24 October 2021,02:03,a7ce3eb,TT7BIN5ZUH3I3ANAR3ZGUSVSZAG5PVE6TMJVNZEWYARV2JDTF7BPYT7AUQ,378147789,goan290,,,
New Form,24 October 2021,02:04,a7ce3eb,TT7BIN5ZUH3I3ANAR3ZGUSVSZAG5PVE6TMJVNZEWYARV2JDTF7BPYT7AUQ,378147789,Goan290,,,
New Form,24 October 2021,02:33,a7ce3eb,OLKYPN4NHXNQWAAVJJHZWUGU22BCOFGQW47HSICZJXQ6K56SWY3BWB25XA,351128646,goan194,,,
New Form,24 October 2021,06:41,a7ce3eb,GOANFH4LIOZO4626TCAOOTF4LRQBSK3IY6YJX5ZKRIPDRKNXB5PJ5EX3UW2FCI,335130906,goan075,,,
New Form,24 October 2021,06:42,a7ce3eb,FH4LIOZO4626TCAOOTF4LRQBSK3IY6YJX5ZKRIPDRKNXB5PJ5EX3UW2FCI,335130906,goan075,,,
New Form,24 October 2021,11:33,a7ce3eb,OU3KHPZ54WHETIVS5WIRU5CPJWNGJR3SARF3VY7NPZ4E5MGPZKV3M4V24Q,357813498,goan220,,,
New Form,24 October 2021,15:56,a7ce3eb,7KGO4DF5MVDZZ5BXMCWUBHJGYPFQZT3ZKISJ7IOVNUBUTRPU5YXE66M6FE,330598680,goan054,,,
New Form,24 October 2021,16:07,a7ce3eb,A3FRMIPC3RTWR3BDDL46ZA6SGLYXHMZCDUDLKF6MIMV2CD3P2DKWNTTTSI,378154517,Goan292,,,
New Form,24 October 2021,21:38,a7ce3eb,Y2BQMKH4ZU5DADCDRYPZ6CNFM2QZLC5TIRHJC34C466HYIKF4OFD4FXQLY,378157733,Goan296,,,
New Form,24 October 2021,21:44,a7ce3eb,KCQHW3G3KJHHUMFYFZNTBR2QYQEJKN2PENVJWHQUBC3OWAIEFZ7ID7IGWI,378186905,Al Goanna 316,,,
New Form,24 October 2021,21:49,a7ce3eb,3JN2Z6J7J5FKPFMS5JBPBFQL5F3NOPER5C46FIEMCCQTUOTPX64INB2RWY,378179429,goan308,,,
New Form,24 October 2021,21:56,a7ce3eb,RYAMX6ZCK3PDTLYFQEXXBIH7CIOXEYPSNZIBVWEKDVAU7ROHSYY5FA2GTY,378161184,goan301,,,
New Form,24 October 2021,22:24,a7ce3eb,QI2SFEIH3H3CT2NSUMYKDWTKYTKDTM3AQ574V3UE2NYDW2PDSBT4WNGVAA,351048078,goan181,,,
New Form,24 October 2021,22:37,a7ce3eb,LPK6DZHLUFQCVSMGGBMPW3HWVQSGOWED3VBXOZOTNTLPXHCJJDSM4MFJQ4,378159296,goan298,,,
New Form,25 October 2021,00:08,a7ce3eb,3C67MEKR4LJC7QLQDHCZBNJGN2FNTVJBYJAVVXYFF2AQ2CUVIJKL4SWOGM,378176471,goan305,,,
New Form,25 October 2021,00:19,a7ce3eb,GOAN3C67MEKR4LJC7QLQDHCZBNJGN2FNTVJBYJAVVXYFF2AQ2CUVIJKL4SWOGM,378176471,goan305,,,
New Form,25 October 2021,06:24,a7ce3eb,KEW4AK2T76JMN7B7YSEOTEUAGGSEZVMEUI3U5OZTF7ZX4VR3YUMBAVZ4AA,378144874,goan287,,,
New Form,25 October 2021,12:37,a7ce3eb,LUS7UQSCUDUDYWNPHM7MQUWZAMZPUWW57OFPAZCSNCMVOKSZZEGX4HIREU,329839470,goan051,,,
New Form,25 October 2021,16:19,a7ce3eb,HZU6MZGPQTYO2JSG6TL55PVSZVTW566UY3PNEVATOWUS5IGGIX63WJWQBI,378156497,,,,
New Form,25 October 2021,17:03,a7ce3eb,HZU6MZGPQTYO2JSG6TL55PVSZVTW566UY3PNEVATOWUS5IGGIX63WJWQBI,378156497,goan294,,,
New Form,25 October 2021,17:19,a7ce3eb,3JN2Z6J7J5FKPFMS5JBPBFQL5F3NOPER5C46FIEMCCQTUOTPX64INB2RWY,351121162,goan191,,,
New Form,25 October 2021,20:04,a7ce3eb,XRTWNBOQBBIU6SMRD5FWOCNKCKBAOLA7WUOS3RN4KH4J3NBTU35JN723QQ,378187510,goan317,,,
New Form,26 October 2021,07:56,a7ce3eb,CHRIS2JB2436YTRRF4OTU7XSDEWPGKFLDIPXJFVRIRHYS5VMEOGLAPUET4,348421186,goan157,,,
New Form,26 October 2021,11:06,a7ce3eb,ZQMBFUQZLCQ3R537COHWYJDABZAMEKO5L4CQ4KYKT7MHJXM73N6XKNESBE,357810515,goan214,,,
New Form,26 October 2021,16:28,a7ce3eb,OP7PRTJKMIDZP53AUSCVNO5XC2ZRFXNVQSWPVYMC6UG2AWAXOLNSOJLK5E,378178789,goan307,,,
New Form,26 October 2021,17:07,a7ce3eb,7KGO4DF5MVDZZ5BXMCWUBHJGYPFQZT3ZKISJ7IOVNUBUTRPU5YXE66M6FE,342598236,goan129,,,
New Form,26 October 2021,18:30,a7ce3eb,MIILYD3E347KDYOYRLEPFCNX2MOSNPOHO6TUWBF6OHD6J2XH7FXEIVTIKY,335166547,goan094,,,
New Form,27 October 2021,01:06,a7ce3eb,YUEWUHMYYJEAFWOCACKG4TTUFKKCIOBTQNDMRWU6SJT6GZSBXAMAAOHBFQ,342583034,goan119,,,
New Form,27 October 2021,04:06,a7ce3eb,3JN2Z6J7J5FKPFMS5JBPBFQL5F3NOPER5C46FIEMCCQTUOTPX64INB2RWY,370192715,goan264,,,
New Form,27 October 2021,04:42,a7ce3eb,QI2SFEIH3H3CT2NSUMYKDWTKYTKDTM3AQ574V3UE2NYDW2PDSBT4WNGVAA,351121162,goan191,,,
New Form,27 October 2021,08:00,a7ce3eb,4IF7FHNIDXXTSPXE4UA2F7JQ5INBO6AAOO56L5RCCHZ4UVUUMEJMJTYHII,334782287,goan057,,,
New Form,27 October 2021,12:34,a7ce3eb,V27JTWUVFP7D625AKFH3LQXZCPVHN2FK3OUXBQ6KYAY2KCZ7LOZOSBQY6U,370194099,goan266,,,
New Form,27 October 2021,20:07,a7ce3eb,R3NASRXAF4MX56ULXZ476ZWYY7LDSL2YFPVSPEAM6FFYVM6V3U6QBAEJAQ,378185763,314,,,
New Form,27 October 2021,20:09,a7ce3eb,R3NASRXAF4MX56ULXZ476ZWYY7LDSL2YFPVSPEAM6FFYVM6V3U6QBAEJAQ,378185763,goan314,,,
New Form,28 October 2021,04:15,a7ce3eb,Y4IZCMWNWJYN6NWX27EBLY4T3LWKCS2QKGW7TASLKHQGG5YANJQ6MWYKKA,342639884,156,,,
New Form,28 October 2021,12:19,a7ce3eb,X7UBMVPMD2FK6T3AOJONS2D6BPE5VDTLPUAMIEA6VMBAYSAPFJ4WVGUTCQ,378158613,goan297,,,
New Form,28 October 2021,12:55,a7ce3eb,RPWKOP25RTFPS3WZOVRCZTL7XQR4J4BCHY4EW3BXVMFYS4TYAX6MI6GAVQ,378188233,Goan318,,,
New Form,28 October 2021,20:03,a7ce3eb,G67YQCRVFAEM2MIAFIR2QZ2LMEJU5L2MD3FYBTT23GOQ2L4FMN4J46NFKE,370179699,goan262,,,
New Form,28 October 2021,20:13,a7ce3eb,U22FH5HFBSZDPNVEUOEGOKGHQHET52VP67EMR3GPFHSSDCXLD7JUE6YXDU,358122475,goan247,,,
New Form,29 October 2021,00:20,a7ce3eb,DUDEJTPYL45G4XFP5SHL5EBTNT65NJSNYHVEI7TEQZ6GYNZ4EQ4MSYAS64,342602925,goan134,,,
New Form,29 October 2021,00:22,a7ce3eb,DUDEJTPYL45G4XFP5SHL5EBTNT65NJSNYHVEI7TEQZ6GYNZ4EQ4MSYAS64,342602925,goan134,,,
New Form,29 October 2021,04:06,a7ce3eb,Y2BQMKH4ZU5DADCDRYPZ6CNFM2QZLC5TIRHJC34C466HYIKF4OFD4FXQLY,386756478,Goan345,,,
New Form,29 October 2021,04:26,a7ce3eb,LQSOZ532NBPMZ2HNGKWD3ETTMPUYFVFTXBP5CSXAVTELZMG2U7DS5LTKXA,378182338,goan311,,,
New Form,29 October 2021,04:27,a7ce3eb,LQSOZ532NBPMZ2HNGKWD3ETTMPUYFVFTXBP5CSXAVTELZMG2U7DS5LTKXA,378182828,goan312,,,
New Form,29 October 2021,04:48,a7ce3eb,6CZWV3M4OVDNNGFEOWCSFRJUQLKL6KR2QJEPYDP66GZC4C6KB7HMSSXAV4,386676057,goan323,,,
New Form,29 October 2021,17:00,a7ce3eb,6CZWV3M4OVDNNGFEOWCSFRJUQLKL6KR2QJEPYDP66GZC4C6KB7HMSSXAV4,370139978,goan250,,,
New Form,29 October 2021,19:20,a7ce3eb,X56BUMTPEJZCWQU436FHQYW4BBDB4EKLUQ5JJFZ254JDL2VQJW62S64AM4,330597170,52,,,
New Form,30 October 2021,00:26,a7ce3eb,6CZWV3M4OVDNNGFEOWCSFRJUQLKL6KR2QJEPYDP66GZC4C6KB7HMSSXAV4,357857972,goan231,,,
New Form,30 October 2021,00:37,a7ce3eb,HP3A4ZKEWWUP2BWONKUTCTM62A7KZCJGQAX6I4BTZBSHQLPTBW6I7JM6RE,342602142,goan133,,,
New Form,30 October 2021,00:47,a7ce3eb,2BJVM4KZFE7DN3IUSU5GRA5R55D4OLGIQ4BWHU22H3UXAZDETAZ2I5N22U,351140993,goan196,,,
New Form,30 October 2021,00:48,a7ce3eb,2BJVM4KZFE7DN3IUSU5GRA5R55D4OLGIQ4BWHU22H3UXAZDETAZ2I5N22U,378189742,goan321,,,
New Form,30 October 2021,04:42,a7ce3eb,MZGXPSEYF3HZFKCJHCFNB7PZB45N2AR4INP4EOUAPIRLGGXCZXRG7KWOGE,351049039,goan182,,,
New Form,30 October 2021,06:41,a7ce3eb,WVFEHWZOK6Z6GP34CKOCSNSQFS3F6JLOP676FYTK5M4SRGZ3ZVWFCDPES4,386694998,goan332,,,
New Form,30 October 2021,06:58,a7ce3eb,OEQPPNS4CLK5RSZUUFJKYUVKZW5WFQRAQGOADRFQKV2YSQSYACNEU646YQ,386697020,goan334,,,
New Form,30 October 2021,07:29,a7ce3eb,SCW7Q4LK2RLF54CRNUC3WN5KPOEHYQ2XFKKOW2MGEV4U5Z27SQSAG4BLIQ,386755533,Goan344,,,
New Form,30 October 2021,08:36,a7ce3eb,UCG7BGNLW6SLWFYOWKS7MT4QQZXLTBIZ7WZJUZCANJG4FEYJPZ43IFLFP4,386955578,goan352,,,
New Form,30 October 2021,08:57,a7ce3eb,SWB5CN46S3KC43OXZL3ZN345UXOKWUFGGR62NKPZSNPG7VNN6E2AUDZEL4,386705461,goan339,,,
New Form,30 October 2021,14:54,a7ce3eb,SQFVQ24LR7ORL3T2NN4EEYZAVFL4YY45MB3PHDHAT2VD5Q2REUH3ODLCWI,386954015,goan350,,,
New Form,30 October 2021,14:57,a7ce3eb,VXQOCV45TOA3IM4E72XTR6SXNYFDXOID4VSMHJ73VPYYG3ARUEXEN6SD3A,386681637,goan330,,,
New Form,30 October 2021,15:42,a7ce3eb,IKOUNKDYRHHK6NTU4ZVWRIRILB64CQ2FUGQHA3Z2WLXD5V7ZOEGM2NOLXA,334800560,GOAN066,,,
New Form,30 October 2021,15:47,a7ce3eb,ONQL3VACTHQDR64WY7TBTHHHXPWTQMY3FSFRDLIDPQAHSBJPZ5VEL4BAOU,328506449,goan017,,,
New Form,30 October 2021,19:40,a7ce3eb,QXCPUXMACEYI7RI4QDTV7RH5R7SMG5SOJLMK6SP4XMMZK6QJYUO3IXDLDU,386708332,goan342,,,
New Form,30 October 2021,21:01,a7ce3eb,ZVYMNAJBNKO7BPSFJPQQLXAB7XMX7GHJ4HQDFI2AT32XI3QRQHFKDKAODA,386704623,goan338,,,
New Form,30 October 2021,22:02,a7ce3eb,VKKCC4WQAQRGMMUIJYBCJAXZQFRKOD7DT5UIUDR2CGUEUYZDXM2XGDVB4Y,386754623,goan343,,,
New Form,30 October 2021,23:44,a7ce3eb,7JV3WDL5TO6NMNRZTZ7QIAU3EOVMW73RUGQONMJWTSJEC5Z6FDXQ6XJ4VU,386698016,goan335,,,
New Form,31 October 2021,09:20,a7ce3eb,JOSHACIBJSSE2CA4VINXGAWAZ4KHA5S4Q2CLITWGUFD62R2JFAE56W6K5U,378177995,goan306,,,
New Form,31 October 2021,14:55,a7ce3eb,Y3BIJNAGFGV2KJUHY2VP72CFMPEBNNSG6WFHE2B6EYIQVZQL53TC33MTCM,357814858,goan221,,,
New Form,31 October 2021,20:21,a7ce3eb,66UMPQGB46S7LNJTE2ZXX25MLPRMWB2CYFEUYPUKVV4OV7FRRWQVDKKZLI,342635929,goan152,,,
New Form,31 October 2021,21:35,a7ce3eb,J53FGXAFZKRXOUJ4XXUBEO3BCHH4VCW2RQ5TWW6BJD2LS3A332QHD5J24Q,387779639,goan354,,,
New Form,31 October 2021,21:41,a7ce3eb,MZGXPSEYF3HZFKCJHCFNB7PZB45N2AR4INP4EOUAPIRLGGXCZXRG7KWOGE,386678024,goan325,,,
New Form,31 October 2021,21:50,a7ce3eb,6CZWV3M4OVDNNGFEOWCSFRJUQLKL6KR2QJEPYDP66GZC4C6KB7HMSSXAV4,387780523,goan235,,,
New Form,31 October 2021,21:51,a7ce3eb,6CZWV3M4OVDNNGFEOWCSFRJUQLKL6KR2QJEPYDP66GZC4C6KB7HMSSXAV4,386678534,goan326,,,
New Form,31 October 2021,21:51,a7ce3eb,GOANBOYU3XDCVQVDVX6BKB6SXN4UKTTQNWF6BAKNJAFEZCOHI5PMLLSUZ4,386941848,goan347,,,
New Form,31 October 2021,21:52,a7ce3eb,6CZWV3M4OVDNNGFEOWCSFRJUQLKL6KR2QJEPYDP66GZC4C6KB7HMSSXAV4,386941848,goan347,,,
New Form,31 October 2021,21:59,a7ce3eb,FH4LIOZO4626TCAOOTF4LRQBSK3IY6YJX5ZKRIPDRKNXB5PJ5EX3UW2FCI,357811089,Goan,,,
New Form,31 October 2021,21:59,a7ce3eb,7KGO4DF5MVDZZ5BXMCWUBHJGYPFQZT3ZKISJ7IOVNUBUTRPU5YXE66M6FE,386706145,goan340,,,
New Form,31 October 2021,22:01,a7ce3eb,IIYRGK3GI3JZYGCCV2QQLOTYFSZL7M4UQTDB2Y22IX2TP4K7W4ZLXFBLVY,386942367,goan348,,,
New Form,31 October 2021,22:16,a7ce3eb,HP3A4ZKEWWUP2BWONKUTCTM62A7KZCJGQAX6I4BTZBSHQLPTBW6I7JM6RE,386680355,goan329,,,
New Form,31 October 2021,22:21,a7ce3eb,HK26QFNCJPYNBC4CDRRCMYW4N7Y373PXYNGY7IRWTOHMXLAI6TLAXBNGXU,351121689,goan192,,,
New Form,31 October 2021,22:56,a7ce3eb,KZAIQY2YZQFQCMD7RXQO27DYDUMN3RQPOVQY4ZSY4FXVJZE33G25GTJRN4,328526043,26,,,
New Form,31 October 2021,23:00,a7ce3eb,ZI7JQM4MESHTDXGBX53VGBC37OF47B2GKUMSZESTLDVU2W4BZZLQ6YFD5U,386676630,goan324,,,
New Form,1 November 2021,00:09,a7ce3eb,H2AV2KJPBY6BHGVUZJAESWBPB2DTDQ5MLNZQL4REIRVRAEJ64P5HUDVPPU,386682222,Goan331,,,
New Form,1 November 2021,01:00,a7ce3eb,LV6P5QBHRZFQOLPSPLYCVWCVHFQS3GYSFBUNTR3YIQEIYPQA4UTI4Z6EK4,370175829,goan259,,,
New Form,1 November 2021,02:33,a7ce3eb,ORVKAW7W6RSLFSBAFFMC7H4JNPXJ3QA2VDQ575JAYCZSDEZRZ6AWJ2WAFU,386942977,349,,,
New Form,1 November 2021,03:21,a7ce3eb,FH4LIOZO4626TCAOOTF4LRQBSK3IY6YJX5ZKRIPDRKNXB5PJ5EX3UW2FCI,357811089,goan215,,,
New Form,1 November 2021,04:50,a7ce3eb,SZZUDWJXTJT4CUBB2CWDWGTTY2L3UQEIVIPYSRTLMJYXJC6PGWM4RBKNIM,328539074,goan032,,,
New Form,1 November 2021,05:09,a7ce3eb,TT7BIN5ZUH3I3ANAR3ZGUSVSZAG5PVE6TMJVNZEWYARV2JDTF7BPYT7AUQ,386703284,Goan337,,,
New Form,1 November 2021,05:10,a7ce3eb,TT7BIN5ZUH3I3ANAR3ZGUSVSZAG5PVE6TMJVNZEWYARV2JDTF7BPYT7AUQ,386679558,Goan328,,,
New Form,1 November 2021,08:05,a7ce3eb,MLFVS7JYC5S7TEWUWDY5HHJTCS3EHWV6KZKOM43Q2RSCX6VZH7DEBJXZYQ,378176036,goan304,,,
New Form,1 November 2021,11:14,a7ce3eb,B6ITZEVGHHV3ZGUGL23SNGSNVTOBKIGVZBWF2XE4YNDBP3OL2FKU7AZ3AM,358121671,goan245,,,
New Form,1 November 2021,15:10,a7ce3eb,KFT6HYOCC5M3VRCSGIKNESDZGYVBZEXML3WCY7G5B4PLEGRFFGZUE2WPFM,386695758,goan333,,,
New Form,1 November 2021,17:20,a7ce3eb,QQLXRHAZIUGVMWZVRJ22I4TESYOGM3DRTKYD2WEF5M6ZWG7LCR6KJO6HH4,370201662,goan269,,,
New Form,1 November 2021,18:29,a7ce3eb,2XYXQP5XIGZWIENTX7B4U5ZBSKXYVBKTNZLD7VPWOXLQXLLXEOAHICFKDQ,370222171,goan284,,,
New Form,1 November 2021,20:09,a7ce3eb,RA2CCQK6HOWG4ZX4W53KRZBPIDTWU7BENBY2UFOMJ6CJJLM4OX4AA7TZJM,342579388,goan115,,,
New Form,1 November 2021,20:10,a7ce3eb,RA2CCQK6HOWG4ZX4W53KRZBPIDTWU7BENBY2UFOMJ6CJJLM4OX4AA7TZJM,386941384,goan346,,,
New Form,1 November 2021,20:10,a7ce3eb,RA2CCQK6HOWG4ZX4W53KRZBPIDTWU7BENBY2UFOMJ6CJJLM4OX4AA7TZJM,386954778,goan351,,,
New Form,2 November 2021,12:23,a7ce3eb,HXAC2BY7G3BWMFWH7I2ZNGJXZDSFGF7IBQOEALWUGCPLRJ7IKCVDL76BHE,328497556,6,,,
New Form,2 November 2021,12:28,a7ce3eb,HXAC2BY7G3BWMFWH7I2ZNGJXZDSFGF7IBQOEALWUGCPLRJ7IKCVDL76BHE,328497556,goan006,,,
New Form,2 November 2021,12:29,a7ce3eb,HXAC2BY7G3BWMFWH7I2ZNGJXZDSFGF7IBQOEALWUGCPLRJ7IKCVDL76BHE,328498815,goan007,,,
New Form,2 November 2021,12:30,a7ce3eb,HXAC2BY7G3BWMFWH7I2ZNGJXZDSFGF7IBQOEALWUGCPLRJ7IKCVDL76BHE,328566193,goan050,,,
New Form,2 November 2021,12:30,a7ce3eb,HXAC2BY7G3BWMFWH7I2ZNGJXZDSFGF7IBQOEALWUGCPLRJ7IKCVDL76BHE,328503002,goan012,,,
New Form,2 November 2021,18:31,a7ce3eb,PLQ3LV6BFLN5S54562WUUF2WRRDT2V3CRVBFMOXU75KQFBHQRY74WVOT2Y,351120479,goan190,,,
New Form,3 November 2021,04:43,a7ce3eb,JYHPKAWXI74LRY3C47J36HEWZLCGQDR43U3EUMMPWQPN5QKPYZO4LNLYUQ,386707457,goan341,,,
New Form,3 November 2021,16:32,a7ce3eb,UPQ33WUL4XXXTOEVNZ62R77CNM5TGAORSRXGKN6WC245ELEQZXIMB7NNM4,342583957,goan120,,,
New Form,4 November 2021,06:17,a7ce3eb,GYGNWIEHFJ2XRJGCZNV2NIHHLMP7TQJU73NGWBAAKHMNAJAMCYW4VR6E3M,396523835,goan356,,,
New Form,5 November 2021,16:45,a7ce3eb,HZU6MZGPQTYO2JSG6TL55PVSZVTW566UY3PNEVATOWUS5IGGIX63WJWQBI,378156497,goan294,,,
New Form,5 November 2021,17:22,a7ce3eb,UMQSBQKZGAE6J6UQOBP4NPMTPDZP56XXQFEY57GSKBKYVGYLPMWQGNKWNM,370194766,goan0267,,,
New Form,5 November 2021,17:25,a7ce3eb,UMQSBQKZGAE6J6UQOBP4NPMTPDZP56XXQFEY57GSKBKYVGYLPMWQGNKWNM,334794938,goan060,,,
New Form,6 November 2021,05:08,a7ce3eb,TKLMISHX2Q2OTBUHEWZMHFKG6VQYZMB7HXDW7XCDSEWDDD5NZM75MXHWBQ,378189282,goan320,,,
New Form,6 November 2021,15:46,a7ce3eb,UBITI5DSTBGCPBZA5B2GSX4YXPGNGY74JJT5SZXHIEEZKW6RH3X5PF62C4,378162620,302,,,
New Form,6 November 2021,20:29,a7ce3eb,A42XXXMNX6E5MHSPACFTAXMQB3UF3T6TFA2RL3EPPU4KESRMGAX4VM5JFQ,342610860,137,,,
New Form,6 November 2021,23:44,a7ce3eb,OOSC6DE6AC7WEQKBVMSP24HSOKEV3V7ZHRXUT7XBUA2C6AMYXKHMJ63AME,398269458,goan361,,,
New Form,7 November 2021,03:29,a7ce3eb,QI2SFEIH3H3CT2NSUMYKDWTKYTKDTM3AQ574V3UE2NYDW2PDSBT4WNGVAA,351121162,goan191,,,
New Form,7 November 2021,06:23,a7ce3eb,LNBGMN2BDYCGYFOHH4Q3NZCHSF5XUT4X6NVIYBIDVTL5RW6OHSH52BKCHM,398307950,goan365,,,
New Form,7 November 2021,18:19,a7ce3eb,BXSAHPGA5FLUP5TJJRL24JZZTWXKAK3PRK45XSYPXZTRM3YNGFMJE2LOKA,398309860,Algoanna 366,,,
New Form,7 November 2021,22:40,a7ce3eb,M4GXWNYKCJAK73EU6H5CN2P6YX3WRIELSUHSS7L2TOQQENA4XOWFVHALXQ,398313581,goan370,,,
New Form,7 November 2021,22:48,a7ce3eb,CGNODFO37UUEATINXJMG2ZOJLP3WZYOSHD6TKTRO4N7U2DUMWPRMKMVS24,342618350,goan143,,,
New Form,7 November 2021,22:51,a7ce3eb,QI2SFEIH3H3CT2NSUMYKDWTKYTKDTM3AQ574V3UE2NYDW2PDSBT4WNGVAA,398271233,goan363,,,
New Form,7 November 2021,22:53,a7ce3eb,LQSOZ532NBPMZ2HNGKWD3ETTMPUYFVFTXBP5CSXAVTELZMG2U7DS5LTKXA,398319545,goan375,,,
New Form,7 November 2021,22:55,a7ce3eb,LQSOZ532NBPMZ2HNGKWD3ETTMPUYFVFTXBP5CSXAVTELZMG2U7DS5LTKXA,398330377,goan384,,,
New Form,7 November 2021,22:55,a7ce3eb,2XYXQP5XIGZWIENTX7B4U5ZBSKXYVBKTNZLD7VPWOXLQXLLXEOAHICFKDQ,398267736,goan359,,,
New Form,7 November 2021,22:59,a7ce3eb,Y3BIJNAGFGV2KJUHY2VP72CFMPEBNNSG6WFHE2B6EYIQVZQL53TC33MTCM,398316892,goan372,,,
New Form,7 November 2021,23:08,a7ce3eb,UQWVL7CCHJMV5UTSP5XBS5OD7ZV7B4ROKOYTYV4P67ID4I6KJ2WRGDTYCE,398322208,goan378,,,
New Form,8 November 2021,02:47,a7ce3eb,MZRWGZ2LJMDV6LJDUDKNGLHSNQTCMBPOOYQ7J6NIRLBFGHZWBKSM4GHEHU,328542664,goan036,,,
New Form,8 November 2021,03:53,a7ce3eb,2PGVAH4MJRLYVMZDVW4SCLYIUSOOZXSXKSZG2NZ3I36N5PJI7KFDWKSKCY,398332587,goan387,,,
New Form,8 November 2021,06:26,a7ce3eb,3Y3UKKOPG2HBLHXYCP3IATDGEHMGHY7YHSATC7JOHJ4C3NNSDEP5IXEVHE,398307950,goan365,,,
New Form,8 November 2021,07:58,a7ce3eb,Z5ZBN46LN6S6ZE5X74FKZDDTOJN6LUSTU3NMT34UAGPGG5FLF6HLFFV6QI,398270277,goan362,,,
New Form,8 November 2021,08:46,a7ce3eb,IEBYCV4UNVSZIEH2D3KFGUZXG3ZSJ53ZYO6RI3UHP4RETQSFAMETUAF5FI,378176036,goan304,,,
New Form,8 November 2021,15:20,a7ce3eb,72SESYZMCRJYR5I2UPCOFQ4XFJX5SMWVG4AF4UH3HA7VKWWMJ57SYUW7AY,398331199,goan385,,,
New Form,8 November 2021,15:26,a7ce3eb,VNJG6R5WSM5LB3AM67SAZDLFBUJZ7WIL6YFURUBIT3ZO4G5C53EYXHYGKM,398321353,goan377,,,
New Form,8 November 2021,18:19,a7ce3eb,ARKMB6EVDITFFNBT4BYSRFYRKHV6KNFV2KD2JPU7TOZ7A2JUJF5D3IV2J4,398331833,goan386,,,
New Form,9 November 2021,01:26,a7ce3eb,VOLWZWICINFE3XZ7OR7FMAL3OT2VOHTDNAHFAN4C5IRRWVNDVUZHBAASIQ,351137771,goan195,,,
New Form,9 November 2021,10:24,a7ce3eb,6TYCCY7QLIZ5WR5GM2CVFHVVV57FGVLPGJ6GQ43NLZVTKWPQ2XVQ24M6BU,404290882,goan412,,,
New Form,9 November 2021,16:14,a7ce3eb,Y3BIJNAGFGV2KJUHY2VP72CFMPEBNNSG6WFHE2B6EYIQVZQL53TC33MTCM,398316892,goan372,,,
New Form,9 November 2021,16:28,a7ce3eb,C6AYYEY3VBCAMVV5CLMDT6B2SBKXTIWDJIWRPFDMG5A5C7WXSV74DQ23AY,328496756,goan005,,,
New Form,9 November 2021,16:29,a7ce3eb,QUGQDL5F6K2UFJS6NFUE5PJEXBMIYL764EPMRDJMZVM34DJPWH54ZUH534,398310628,Goanna 367,,,
New Form,9 November 2021,16:35,a7ce3eb,C6AYYEY3VBCAMVV5CLMDT6B2SBKXTIWDJIWRPFDMG5A5C7WXSV74DQ23AY,328559225,goan043,,,
New Form,9 November 2021,16:35,a7ce3eb,C6AYYEY3VBCAMVV5CLMDT6B2SBKXTIWDJIWRPFDMG5A5C7WXSV74DQ23AY,328527340,goan027,,,
New Form,9 November 2021,16:36,a7ce3eb,C6AYYEY3VBCAMVV5CLMDT6B2SBKXTIWDJIWRPFDMG5A5C7WXSV74DQ23AY,328559225,goan043,,,
New Form,9 November 2021,16:36,a7ce3eb,C6AYYEY3VBCAMVV5CLMDT6B2SBKXTIWDJIWRPFDMG5A5C7WXSV74DQ23AY,326197463,goan002,,,
New Form,9 November 2021,16:37,a7ce3eb,C6AYYEY3VBCAMVV5CLMDT6B2SBKXTIWDJIWRPFDMG5A5C7WXSV74DQ23AY,328562778,goan047,,,
New Form,9 November 2021,16:37,a7ce3eb,C6AYYEY3VBCAMVV5CLMDT6B2SBKXTIWDJIWRPFDMG5A5C7WXSV74DQ23AY,398312573,goan369,,,
New Form,9 November 2021,16:38,a7ce3eb,C6AYYEY3VBCAMVV5CLMDT6B2SBKXTIWDJIWRPFDMG5A5C7WXSV74DQ23AY,386707457,goan341,,,
New Form,9 November 2021,16:42,a7ce3eb,C6AYYEY3VBCAMVV5CLMDT6B2SBKXTIWDJIWRPFDMG5A5C7WXSV74DQ23AY,386707457,goan341,,,
New Form,9 November 2021,16:43,a7ce3eb,C6AYYEY3VBCAMVV5CLMDT6B2SBKXTIWDJIWRPFDMG5A5C7WXSV74DQ23AY,386698707,goan336,,,
New Form,9 November 2021,16:43,a7ce3eb,C6AYYEY3VBCAMVV5CLMDT6B2SBKXTIWDJIWRPFDMG5A5C7WXSV74DQ23AY,386679027,goan327,,,
New Form,9 November 2021,16:43,a7ce3eb,C6AYYEY3VBCAMVV5CLMDT6B2SBKXTIWDJIWRPFDMG5A5C7WXSV74DQ23AY,350986326,goan160,,,
New Form,9 November 2021,16:44,a7ce3eb,C6AYYEY3VBCAMVV5CLMDT6B2SBKXTIWDJIWRPFDMG5A5C7WXSV74DQ23AY,337013855,goan102,,,
New Form,9 November 2021,16:44,a7ce3eb,C6AYYEY3VBCAMVV5CLMDT6B2SBKXTIWDJIWRPFDMG5A5C7WXSV74DQ23AY,342579915,goan116,,,
New Form,9 November 2021,16:45,a7ce3eb,C6AYYEY3VBCAMVV5CLMDT6B2SBKXTIWDJIWRPFDMG5A5C7WXSV74DQ23AY,328496756,goan005,,,
New Form,10 November 2021,01:52,a7ce3eb,MZRWGZ2LJMDV6LJDUDKNGLHSNQTCMBPOOYQ7J6NIRLBFGHZWBKSM4GHEHU,386680355,goan329,,,
New Form,10 November 2021,01:52,a7ce3eb,MZRWGZ2LJMDV6LJDUDKNGLHSNQTCMBPOOYQ7J6NIRLBFGHZWBKSM4GHEHU,386680355,goan329,,,
New Form,10 November 2021,02:32,a7ce3eb,VNJG6R5WSM5LB3AM67SAZDLFBUJZ7WIL6YFURUBIT3ZO4G5C53EYXHYGKM,398267736,goan359,,,
New Form,10 November 2021,02:33,a7ce3eb,VNJG6R5WSM5LB3AM67SAZDLFBUJZ7WIL6YFURUBIT3ZO4G5C53EYXHYGKM,398268460,goan360,,,
New Form,10 November 2021,04:22,a7ce3eb,Z5ZBN46LN6S6ZE5X74FKZDDTOJN6LUSTU3NMT34UAGPGG5FLF6HLFFV6QI,386956116,goan353,,,
New Form,10 November 2021,11:47,a7ce3eb,S5JSHEP5AHHG7OXKWNRQ2JGY6QUYWTDBYU6ODLFAEXK5HC5VWQAOO5E6KU,335150149,goan087,,,
New Form,10 November 2021,15:33,a7ce3eb,TRGTELGONJXOL3KBE25ZEMK32D5W3ZUEQRTCBQWBY6XX3DWZSDN4LRZ5DU,398307142,goan364,,,
New Form,10 November 2021,17:07,a7ce3eb,MZGXPSEYF3HZFKCJHCFNB7PZB45N2AR4INP4EOUAPIRLGGXCZXRG7KWOGE,398266816,goan358,,,
New Form,10 November 2021,19:12,a7ce3eb,GOANRRSI77BEQC7PENEQQMNISQIPYDDUUXYRWFCHC3EPW3WNQUXFPMNFFEEVKA,398315817,goan371,,,
New Form,11 November 2021,03:12,a7ce3eb,B3UIJENJ4AVKDJFUB2OOXYUIOO2R5IBHPCFJOZTIYJLWSQ2H3ES3ZXQOHA,357812643,goan218,,,
New Form,11 November 2021,14:43,a7ce3eb,KCQHW3G3KJHHUMFYFZNTBR2QYQEJKN2PENVJWHQUBC3OWAIEFZ7ID7IGWI,398329775,Al Goanna 383,,,
New Form,11 November 2021,20:04,a7ce3eb,4NQY3NPQGBIYXO62RKJE3Z7K76YZNGEVMGCY6QOKALVBTIKCZYBQNKQEME,398307950,goan365,,,
New Form,11 November 2021,20:52,a7ce3eb,IJK5V54VOPNBL6PLGYVSZUK2CLQH3OO4MSVBG76SL6U2EO3A5O2ANUZKYA,351035582,goan172,,,
New Form,11 November 2021,20:55,a7ce3eb,IJK5V54VOPNBL6PLGYVSZUK2CLQH3OO4MSVBG76SL6U2EO3A5O2ANUZKYA,328517537,goan020,,,
New Form,11 November 2021,21:47,a7ce3eb,N42L7IIGQGZA7OGNLGQXZWBUZHQYH5HJVU3M6625KGOMHWFFOFPAID22VA,398327453,goan381,,,
New Form,11 November 2021,21:52,a7ce3eb,7KGO4DF5MVDZZ5BXMCWUBHJGYPFQZT3ZKISJ7IOVNUBUTRPU5YXE66M6FE,330598680,goan054,,,
New Form,11 November 2021,21:53,a7ce3eb,7KGO4DF5MVDZZ5BXMCWUBHJGYPFQZT3ZKISJ7IOVNUBUTRPU5YXE66M6FE,386706145,goan340,,,
New Form,12 November 2021,06:13,a7ce3eb,AAG5TXAOZM5BFTUY7QTSDBGD624WZ7XRLRIOBHQGIWOVILTAAGAS72JKT4,328562778,goan057,,,
New Form,12 November 2021,06:59,a7ce3eb,LUS7UQSCUDUDYWNPHM7MQUWZAMZPUWW57OFPAZCSNCMVOKSZZEGX4HIREU,329839470,goan051,,,
New Form,12 November 2021,07:02,a7ce3eb,AAG5TXAOZM5BFTUY7QTSDBGD624WZ7XRLRIOBHQGIWOVILTAAGAS72JKT4,328562778,goan047,,,
New Form,13 November 2021,00:17,a7ce3eb,4ZCVMTFIPWNWDERLRCA7IXQ4XM2WMBGMV4VPLIAEL6SRWN6D6W7TBTYYLU,326189642,Al Goanna 001,,,
New Form,14 November 2021,17:20,a7ce3eb,AMIHOKNVDO5HUSSJ7HP4CV2WSUU47VDSBP2TKYDJOFM2J2LEX2D4UI2QF4,404285472,goan406,,,
New Form,14 November 2021,17:20,a7ce3eb,AMIHOKNVDO5HUSSJ7HP4CV2WSUU47VDSBP2TKYDJOFM2J2LEX2D4UI2QF4,404286338,goan407,,,
New Form,14 November 2021,17:21,a7ce3eb,AMIHOKNVDO5HUSSJ7HP4CV2WSUU47VDSBP2TKYDJOFM2J2LEX2D4UI2QF4,404287266,goan408,,,
New Form,14 November 2021,17:21,a7ce3eb,AMIHOKNVDO5HUSSJ7HP4CV2WSUU47VDSBP2TKYDJOFM2J2LEX2D4UI2QF4,404288146,goan409,,,
New Form,14 November 2021,17:21,a7ce3eb,AMIHOKNVDO5HUSSJ7HP4CV2WSUU47VDSBP2TKYDJOFM2J2LEX2D4UI2QF4,404289065,goan410,,,
New Form,14 November 2021,17:22,a7ce3eb,AMIHOKNVDO5HUSSJ7HP4CV2WSUU47VDSBP2TKYDJOFM2J2LEX2D4UI2QF4,404290245,goan411,,,
New Form,14 November 2021,18:52,a7ce3eb,DHLUWQ37X76TI52LRRP7I76B4P73BAA27ITGT4ADZEDP5MYUXEUGMPGRVY,418142231,Goan420,,,
New Form,14 November 2021,19:54,a7ce3eb,HXAC2BY7G3BWMFWH7I2ZNGJXZDSFGF7IBQOEALWUGCPLRJ7IKCVDL76BHE,418217057,goan427,,,
New Form,14 November 2021,20:00,a7ce3eb,UCG7BGNLW6SLWFYOWKS7MT4QQZXLTBIZ7WZJUZCANJG4FEYJPZ43IFLFP4,418147060,goan423,,,
New Form,14 November 2021,20:51,a7ce3eb,ROFLZCFF6HKVPSDI6XCVS4TA4DQ5LWM2GPXLA4ZN6QZLLCQIKTPL7UADYU,418148879,goan426,,,
New Form,14 November 2021,21:04,a7ce3eb,YCWJMQFATTCZ5Q4WE5FM2SGP5ZUDCE3SOTRZTL5TKHIMWDGIKUPSTP4G3U,418136923,goan415,,,
New Form,14 November 2021,22:06,a7ce3eb,XQNZLJXCNG3234GSAPKKQGLE2TWQFDWXI63H2GNBHEDLYAMH5ZLEVBGL4M,418140351,goanna418,,,
New Form,14 November 2021,23:45,a7ce3eb,6CZWV3M4OVDNNGFEOWCSFRJUQLKL6KR2QJEPYDP66GZC4C6KB7HMSSXAV4,411413044,goan413,,,
New Form,14 November 2021,23:58,a7ce3eb,F7KFOHLIRFUNJDULHJZPZLOMLM2GA3RPSWHV5QYDSN76UFMWTJXMO462QM,418139488,goan417,,,
New Form,15 November 2021,01:08,a7ce3eb,PKYSA727RRYV5FQBNHCA4O7EWSHHUNH7RP563JSTIMPKL2ISXNTMIQZCQE,418228431,goan483,,,
New Form,15 November 2021,01:10,a7ce3eb,PKYSA727RRYV5FQBNHCA4O7EWSHHUNH7RP563JSTIMPKL2ISXNTMIQZCQE,418228431,goan438,,,
New Form,15 November 2021,09:17,a7ce3eb,PF5VVAPXFF4TQ37HY3NPLQLSRQMZISD6I4HEXJ5K7ILDU5HDW4XVCD7DV4,418217851,goan428,,,
New Form,15 November 2021,15:10,a7ce3eb,5CIRYGA436RITHGDJDWV5GLYSZEGODMHXQSJGE6VBZUUDXMJEWRIPN7ZPY,398333216,goan388,,,
New Form,15 November 2021,15:35,a7ce3eb,5IJRJFJ5IU2WBE537SG2AA2WNN4IXEJXFHRNXNLTZYBTHIM4M6N2GOQPOM,418224422,goan433,,,
New Form,15 November 2021,18:46,a7ce3eb,7KGO4DF5MVDZZ5BXMCWUBHJGYPFQZT3ZKISJ7IOVNUBUTRPU5YXE66M6FE,418219030,goan429,,,
New Form,15 November 2021,23:30,a7ce3eb,U3IY6ZWCMR4GKHU42JHGYGVNYEM7N4QMJIGMRGH6P4LWSCDGKJ3UMEXYUA,418223077,431,,,
New Form,16 November 2021,02:10,a7ce3eb,YXUVADNY5RSLWQT5S4G4T2RQZD7XSDHYPIOSKUZ77PU6MZHWIJ4WSX2GVY,418143875,goan422,,,
New Form,16 November 2021,04:48,a7ce3eb,SCW7Q4LK2RLF54CRNUC3WN5KPOEHYQ2XFKKOW2MGEV4U5Z27SQSAG4BLIQ,418223699,goan432,,,
New Form,16 November 2021,11:24,a7ce3eb,OFBUSODBJODEHXRTMI44HAG2XHKV646RYBQ546IOS3IDTJ67HBPRI2JUPY,418227757,goan437,,,
New Form,16 November 2021,19:43,a7ce3eb,FVQFC63BXDORJ47WLASGLTIRJRBOFHK6D2YN256AJOKUMMMQQ4LZ4XOKOQ,418143075,Goan421,,,
New Form,17 November 2021,01:00,a7ce3eb,7OGZ546LGCIBR7Z5YKEUOB7HUP7OCOVTTJES6DZUQBFTNHL4POZXDF5NIE,386681637,Goanna330,,,
New Form,17 November 2021,13:24,a7ce3eb,K5L42I46HGHWD6JOYZNDIQQBYKYB6OSUTCKEV4YJXTU7KKFCMDI37NKX34,398330377,goan384,,,
New Form,17 November 2021,16:33,a7ce3eb,XRTWNBOQBBIU6SMRD5FWOCNKCKBAOLA7WUOS3RN4KH4J3NBTU35JN723QQ,328506449,goan017,,,
New Form,18 November 2021,00:21,a7ce3eb,VKKCC4WQAQRGMMUIJYBCJAXZQFRKOD7DT5UIUDR2CGUEUYZDXM2XGDVB4Y,418226954,goan436,,,
New Form,18 November 2021,02:18,a7ce3eb,H3XVC3XVOJ6B2KTW2E6M4CJSTSE45ORUDDGRKDFESXNEWFJK5UO234QB5E,418226238,goan435,,,
New Form,19 November 2021,00:52,a7ce3eb,M4SHQLRX6JREFECT3V57O4QADJPTWOOVNRO532OE6UIPME7PVDXPIWUHRE,350988713,goan164,,,
New Form,19 November 2021,02:00,a7ce3eb,ZXEAZYDWTK6S7AC73SZXRGCQF6CC5BAQRX7I7JIPY6FHUJDV6ALKGNBTVE,398263290,goan357,,,
New Form,19 November 2021,19:40,a7ce3eb,6CZWV3M4OVDNNGFEOWCSFRJUQLKL6KR2QJEPYDP66GZC4C6KB7HMSSXAV4,418141283,goan419,,,
New Form,19 November 2021,23:10,a7ce3eb,X7UBMVPMD2FK6T3AOJONS2D6BPE5VDTLPUAMIEA6VMBAYSAPFJ4WVGUTCQ,378158613,goan297,,,
New Form,20 November 2021,03:36,a7ce3eb,L3V2DZT4DGNIMLMMXCNB5TBJNJHLIPY4BHLGTUMNY2HQJNKHU4AH2LU6ZI,335139687,goan082,,,
New Form,20 November 2021,05:20,a7ce3eb,M3BQV2OY73JUQW53PR5Q3YI3YXGPLFBNIBMDMT37AE4SL6KFAKO67EGVFA,342592000,Goan124,,,
New Form,21 November 2021,22:04,a7ce3eb,Y2BQMKH4ZU5DADCDRYPZ6CNFM2QZLC5TIRHJC34C466HYIKF4OFD4FXQLY,435075432,Goan460,,,
New Form,21 November 2021,22:51,a7ce3eb,5TPYPXLJKJD2GTAE5Z6WVZLEY2ZIZN4I7NP7ZLL7GYEZVV5L27QYBMNPRU,435062845,goan441,,,
New Form,21 November 2021,22:55,a7ce3eb,Z5ZBN46LN6S6ZE5X74FKZDDTOJN6LUSTU3NMT34UAGPGG5FLF6HLFFV6QI,435065284,goan445,,,
New Form,21 November 2021,23:02,a7ce3eb,LT5ZQINW4FZHPEJQSG6PVGLUXIFFOMSQNJL2VCR4ZBJM35OAJ74GLPMVPY,435071772,goan455,,,
New Form,21 November 2021,23:03,a7ce3eb,S5JSHEP5AHHG7OXKWNRQ2JGY6QUYWTDBYU6ODLFAEXK5HC5VWQAOO5E6KU,435064009,goan443,,,
New Form,21 November 2021,23:10,a7ce3eb,2XYXQP5XIGZWIENTX7B4U5ZBSKXYVBKTNZLD7VPWOXLQXLLXEOAHICFKDQ,435066409,goan447,,,
New Form,21 November 2021,23:17,a7ce3eb,54EVQSPHE5GTIRJCGS56EWI7D5AW5P4IJCYCFF2JXHZ5DKVBVU2L536FXQ,435069474,goan452,,,
New Form,21 November 2021,23:20,a7ce3eb,TDMXNKCQL2UE6TJPQJPBQW3NWCW4FWEQWNM4BXFCCKID4Y6CDM63CSTNYI,398266816,goan358,,,
New Form,21 November 2021,23:28,a7ce3eb,LQSOZ532NBPMZ2HNGKWD3ETTMPUYFVFTXBP5CSXAVTELZMG2U7DS5LTKXA,435077024,goan462,,,
New Form,21 November 2021,23:45,a7ce3eb,Z725IRHDQGPXR3DB43JS7EXK4NVUSVM72QFERVYRDHSG352VX5RRCFL76I,435064696,Goan444,,,
New Form,22 November 2021,02:26,a7ce3eb,ORVKAW7W6RSLFSBAFFMC7H4JNPXJ3QA2VDQ575JAYCZSDEZRZ6AWJ2WAFU,435062343,440,,,
New Form,22 November 2021,03:24,a7ce3eb,6CZWV3M4OVDNNGFEOWCSFRJUQLKL6KR2QJEPYDP66GZC4C6KB7HMSSXAV4,435063502,goan442,,,
New Form,22 November 2021,03:24,a7ce3eb,6CZWV3M4OVDNNGFEOWCSFRJUQLKL6KR2QJEPYDP66GZC4C6KB7HMSSXAV4,435074224,goan458,,,
New Form,22 November 2021,04:22,a7ce3eb,7KGO4DF5MVDZZ5BXMCWUBHJGYPFQZT3ZKISJ7IOVNUBUTRPU5YXE66M6FE,435066977,goan448,,,
New Form,22 November 2021,08:20,a7ce3eb,3JN2Z6J7J5FKPFMS5JBPBFQL5F3NOPER5C46FIEMCCQTUOTPX64INB2RWY,370192715,goan264,,,
New Form,22 November 2021,09:10,a7ce3eb,5XQB2TRME2QO7VQ3B6Z53RCV7WF7AAANMR7PI7W3FSAB3OQNBTMPSE557Q,398319545,375,,,
New Form,22 November 2021,14:00,a7ce3eb,GOANPUTAWGDPDB63BMKVCQTVE2JHQAA33CIKV5CUDIQHUM7ZLCHY4SQ6WMTGNM,435073627,goan457,,,
New Form,22 November 2021,15:12,a7ce3eb,Z725IRHDQGPXR3DB43JS7EXK4NVUSVM72QFERVYRDHSG352VX5RRCFL76I,357811513,goan216,,,
New Form,22 November 2021,18:24,a7ce3eb,DAHTHIDXIY5WFL24KV4OU7SXLECISJIRRCMWB2UBEFQHZZZCERM4KRHUXM,418137888,goan416,,,
New Form,22 November 2021,20:19,a7ce3eb,Z725IRHDQGPXR3DB43JS7EXK4NVUSVM72QFERVYRDHSG352VX5RRCFL76I,378147187,goan289,,,
New Form,22 November 2021,21:14,a7ce3eb,KONFK2UZGS6ITJWFUBQT5E4OB2PGWQTDPPQDLTVZ7BWROFL7MELQBVJTGY,378188959,319,,,
New Form,22 November 2021,21:30,a7ce3eb,METVEGA7R3KOI2NADYKFFVYZ6QGOKB6VBB4A5SMGDJ3LI7DIE7L72IX4G4,398267736,goan359,,,
New Form,22 November 2021,21:30,a7ce3eb,METVEGA7R3KOI2NADYKFFVYZ6QGOKB6VBB4A5SMGDJ3LI7DIE7L72IX4G4,398268460,goan360,,,
New Form,22 November 2021,21:30,a7ce3eb,METVEGA7R3KOI2NADYKFFVYZ6QGOKB6VBB4A5SMGDJ3LI7DIE7L72IX4G4,398321353,goan377,,,
New Form,23 November 2021,08:28,a7ce3eb,RQ4VF6JSQPSYZZGBEZVL4LU2PZ5NGOMCC5BY5XTNTRQIZGIKG3KCWGBCN4,370208074,goan274,,,
New Form,23 November 2021,08:29,a7ce3eb,VIIS22MJUSALVMCHSO7KJG2NW4FJWPHPXXPXDRN3NWTKSIOXCWQV2BOUE4,404284741,goan405,,,
New Form,23 November 2021,08:29,a7ce3eb,VIIS22MJUSALVMCHSO7KJG2NW4FJWPHPXXPXDRN3NWTKSIOXCWQV2BOUE4,404284041,goan404,,,
New Form,23 November 2021,08:30,a7ce3eb,VIIS22MJUSALVMCHSO7KJG2NW4FJWPHPXXPXDRN3NWTKSIOXCWQV2BOUE4,404283294,goan403,,,
New Form,23 November 2021,08:31,a7ce3eb,VIIS22MJUSALVMCHSO7KJG2NW4FJWPHPXXPXDRN3NWTKSIOXCWQV2BOUE4,404282104,goan402,,,
New Form,23 November 2021,08:31,a7ce3eb,VIIS22MJUSALVMCHSO7KJG2NW4FJWPHPXXPXDRN3NWTKSIOXCWQV2BOUE4,404281390,goan401,,,
New Form,24 November 2021,06:49,a7ce3eb,RA2CCQK6HOWG4ZX4W53KRZBPIDTWU7BENBY2UFOMJ6CJJLM4OX4AA7TZJM,435068291,goan450,,,
New Form,24 November 2021,06:49,a7ce3eb,RA2CCQK6HOWG4ZX4W53KRZBPIDTWU7BENBY2UFOMJ6CJJLM4OX4AA7TZJM,435070411,goan453,,,
New Form,24 November 2021,22:10,a7ce3eb,S5TF6JRGUGAZW5TVJIJLW2NLMIVIHLEFWIBUD2G4MJUKMRX2AO7AFPMODA,435072993,goan456,,,
New Form,25 November 2021,00:49,a7ce3eb,OLKYPN4NHXNQWAAVJJHZWUGU22BCOFGQW47HSICZJXQ6K56SWY3BWB25XA,351128646,Goan194,,,
New Form,26 November 2021,09:04,a7ce3eb,QQLXRHAZIUGVMWZVRJ22I4TESYOGM3DRTKYD2WEF5M6ZWG7LCR6KJO6HH4,386754623,goan343,,,
New Form,26 November 2021,09:21,a7ce3eb,VBA4PPDCXOQIYKANZJFOLXUR4LPGUS7TCU4HTJ2YIYVFXE47N2E6MYIEEM,435067688,449,,,
New Form,28 November 2021,22:39,a7ce3eb,Z725IRHDQGPXR3DB43JS7EXK4NVUSVM72QFERVYRDHSG352VX5RRCFL76I,445439766,goan470,,,
New Form,28 November 2021,22:58,a7ce3eb,6CZWV3M4OVDNNGFEOWCSFRJUQLKL6KR2QJEPYDP66GZC4C6KB7HMSSXAV4,445437581,goan465,,,
New Form,28 November 2021,22:59,a7ce3eb,6CZWV3M4OVDNNGFEOWCSFRJUQLKL6KR2QJEPYDP66GZC4C6KB7HMSSXAV4,445446786,goan486,,,
New Form,28 November 2021,23:01,a7ce3eb,MZRWGZ2LJMDV6LJDUDKNGLHSNQTCMBPOOYQ7J6NIRLBFGHZWBKSM4GHEHU,445444628,goan480,,,
New Form,28 November 2021,23:43,a7ce3eb,JZINGQ2KFO5ICOCR4ILFNEL6KRERWBCNPRC5LVT4BE4FI5V4K7NFSXXIGI,445439081,goan468,,,
New Form,29 November 2021,00:01,a7ce3eb,LQSOZ532NBPMZ2HNGKWD3ETTMPUYFVFTXBP5CSXAVTELZMG2U7DS5LTKXA,378182828,goan312,,,
New Form,29 November 2021,00:16,a7ce3eb,7KGO4DF5MVDZZ5BXMCWUBHJGYPFQZT3ZKISJ7IOVNUBUTRPU5YXE66M6FE,445444972,goan481,,,
New Form,29 November 2021,00:53,a7ce3eb,NUB4VHBYJOW6JUQCG3JGKQGPHPVSUE4AS3WS7MP5KHL3LSLHOW5NURE6LQ,445437910,goan466,,,
New Form,29 November 2021,01:09,a7ce3eb,FGVVWXTJS7YET4QC6LRXW2VKSADQJSQKHTI3O6MCXM44QK5DSRVZU53TBQ,445445226,482,,,
New Form,29 November 2021,02:00,a7ce3eb,VOLWZWICINFE3XZ7OR7FMAL3OT2VOHTDNAHFAN4C5IRRWVNDVUZHBAASIQ,435071083,goan454,,,
New Form,29 November 2021,02:06,a7ce3eb,CYMWQJBG2RN2GSQ5F64XBY4GFRHZ3TNYYHCE52YHY5XELL6ZT4MZS34V4E,445440046,goan471,,,
New Form,29 November 2021,10:10,a7ce3eb,EPOCKSJD7XCI466OG5KXBORF65E7WS5MW74EOIZ3S33JTBTYVCZGHWRAPA,370203657,Goan271,,,
New Form,30 November 2021,13:45,a7ce3eb,LPK6DZHLUFQCVSMGGBMPW3HWVQSGOWED3VBXOZOTNTLPXHCJJDSM4MFJQ4,350992075,goan168,,,
New Form,30 November 2021,18:15,a7ce3eb,TEIBK5FIV2KWJGEUXXCRMVNQGJFNMDP7ZQRR3IRS6VHWOXZYFU4YJD6FUA,445446049,goan484,,,
New Form,30 November 2021,21:26,a7ce3eb,MD4K6UYS2NERWWMECATQHUPPWJIYPSHJGJXZIQ4JTL2CMH3XARIFQEX7GM,445447548,goan488,,,
New Form,30 November 2021,21:26,a7ce3eb,U3IY6ZWCMR4GKHU42JHGYGVNYEM7N4QMJIGMRGH6P4LWSCDGKJ3UMEXYUA,445448499,goan489,,,
New Form,30 November 2021,22:18,a7ce3eb,NHQOMIYLUN3HCJDQOQQV5M5PDRR65K6OD2YPMUPEMU7JSTZBNRVZVLS2WE,351036049,goan173,,,
New Form,30 November 2021,22:19,a7ce3eb,NHQOMIYLUN3HCJDQOQQV5M5PDRR65K6OD2YPMUPEMU7JSTZBNRVZVLS2WE,398320385,goan376,,,
New Form,30 November 2021,22:19,a7ce3eb,NHQOMIYLUN3HCJDQOQQV5M5PDRR65K6OD2YPMUPEMU7JSTZBNRVZVLS2WE,445442449,goan476,,,
New Form,30 November 2021,22:19,a7ce3eb,NHQOMIYLUN3HCJDQOQQV5M5PDRR65K6OD2YPMUPEMU7JSTZBNRVZVLS2WE,445442820,goan477,,,
New Form,30 November 2021,22:40,a7ce3eb,MZRWGZ2LJMDV6LJDUDKNGLHSNQTCMBPOOYQ7J6NIRLBFGHZWBKSM4GHEHU,445446541,Goan485,,,
New Form,1 December 2021,21:30,a7ce3eb,HBLD7MVAL3YYD5I4DKPF7LLXA4OSZGQ2JXGHXH6FQHGGUMOXFCO2PERSB4,418226954,goan436,,,
New Form,2 December 2021,18:11,a7ce3eb,6CZWV3M4OVDNNGFEOWCSFRJUQLKL6KR2QJEPYDP66GZC4C6KB7HMSSXAV4,378182828,goan312,,,
New Form,3 December 2021,18:50,a7ce3eb,5XQB2TRME2QO7VQ3B6Z53RCV7WF7AAANMR7PI7W3FSAB3OQNBTMPSE557Q,398319545,goan375,,,
New Form,4 December 2021,03:11,a7ce3eb,XXKODOCDQGRXGXSFUSYXVY2YU3J54HBO2WJ4PGO24PRNGOPRPCLNOGHX7Q,357806679,goan210,,,
New Form,4 December 2021,04:58,a7ce3eb,4S6KF7VIUEHM2FJ4A27KKDMH2WVVPCQYAJKAWPHFJF7Q4IJUWYL3MRWCHQ,378182338,Goan311,,,
New Form,4 December 2021,12:00,a7ce3eb,5FYIBJXRX5CPUV22KKSDD5BOLL7BK33NSPNSVKRIP5TEWI3SB3KBGQMVXY,328550271,goan041,,,
New Form,4 December 2021,16:50,a7ce3eb,P6RKHD2E63OYANAZZFTI3DBQZW2XEVUT524JDAD6F4NZPJTSKOTXFQ5O24,342618350,goan143,,,
New Form,4 December 2021,17:40,a7ce3eb,BDMOQVMGIK4ECQTSBNXPG3RU5DPN2AXPWWOESE6YIYW6BNAW4XVBDEP3T4,398318793,goan374,,,
New Form,4 December 2021,17:41,a7ce3eb,BDMOQVMGIK4ECQTSBNXPG3RU5DPN2AXPWWOESE6YIYW6BNAW4XVBDEP3T4,445440302,goan472,,,
New Form,4 December 2021,21:11,a7ce3eb,RMEJAWQACPGTPENV2K753JOJ3Z442BCOTIIK3NYC7K55TQIOYWL7HPCGX4,335141503,goan085,,,
New Form,4 December 2021,21:21,a7ce3eb,RLUF2TOT647KDDXR3DVP2HLK6PYKANSUWMGMMSMOILNNOIYG7CBNKIHFHA,378158613,Goan297,,,
New Form,4 December 2021,21:24,a7ce3eb,RLUF2TOT647KDDXR3DVP2HLK6PYKANSUWMGMMSMOILNNOIYG7CBNKIHFHA,351058627,Goan188,,,
New Form,4 December 2021,21:25,a7ce3eb,5TPYPXLJKJD2GTAE5Z6WVZLEY2ZIZN4I7NP7ZLL7GYEZVV5L27QYBMNPRU,342629720,goan145,,,
New Form,4 December 2021,21:26,a7ce3eb,RLUF2TOT647KDDXR3DVP2HLK6PYKANSUWMGMMSMOILNNOIYG7CBNKIHFHA,350989295,Goan165,,,
New Form,4 December 2021,21:29,a7ce3eb,RLUF2TOT647KDDXR3DVP2HLK6PYKANSUWMGMMSMOILNNOIYG7CBNKIHFHA,351058084,Goan187,,,
New Form,4 December 2021,21:33,a7ce3eb,RLUF2TOT647KDDXR3DVP2HLK6PYKANSUWMGMMSMOILNNOIYG7CBNKIHFHA,351058084,Goan187,,,
New Form,4 December 2021,21:49,a7ce3eb,AHSVH5LABYZGLWXXDSLAFKPIV7YNXQUHTPXPNEURPCF7E22TJKKD6KNBNI,435068763,goan451,,,
New Form,4 December 2021,22:59,a7ce3eb,Z5ZBN46LN6S6ZE5X74FKZDDTOJN6LUSTU3NMT34UAGPGG5FLF6HLFFV6QI,435065284,goan445,,,
New Form,4 December 2021,23:10,a7ce3eb,MVDVSD6MB53WBS7HPXIVG73BNHZQMTF4VTIMVTBB7UXP36JH65OIBHWMSE,398328641,goan382,,,
New Form,4 December 2021,23:11,a7ce3eb,MVDVSD6MB53WBS7HPXIVG73BNHZQMTF4VTIMVTBB7UXP36JH65OIBHWMSE,351147615,goan200,,,
New Form,5 December 2021,00:05,a7ce3eb,MZRWGZ2LJMDV6LJDUDKNGLHSNQTCMBPOOYQ7J6NIRLBFGHZWBKSM4GHEHU,386680355,goan329,,,
New Form,5 December 2021,00:40,a7ce3eb,FGVVWXTJS7YET4QC6LRXW2VKSADQJSQKHTI3O6MCXM44QK5DSRVZU53TBQ,445445226,goan482,,,
New Form,5 December 2021,18:13,a7ce3eb,UZKIK6WBGZLODXVV2AXUGRDAEGQNVNFHFTQTUTG5FUIDIGHIDDE5KJCUIQ,418147746,goan424,,,
New Form,5 December 2021,18:16,a7ce3eb,GOANV2X6LDINBWNDRWOSUVZ4IFSQ2LZOT7G46AFD4TJM4WPFHV35X4YAMP3IK4,334801479,goan067,,,
New Form,5 December 2021,18:17,a7ce3eb,V2X6LDINBWNDRWOSUVZ4IFSQ2LZOT7G46AFD4TJM4WPFHV35X4YAMP3IK4,334801479,goan067,,,
New Form,5 December 2021,18:51,a7ce3eb,JNFGD2Y2S4Z5HNJ5SCXVCT6DDGKSB6QVZG6DKKNMZKHJND5T3ZB4CN5QO4,335090720,goan069,,,
New Form,5 December 2021,20:44,a7ce3eb,3HB3LUBFOPIBV4MLMTVIAGTHGG3GKAI6MDWUXSNO3ANBRLKUGA2CYUQTVY,398311670,368,,,
New Form,5 December 2021,23:32,a7ce3eb,OYTR2DE5VX4636Y7YYTJS7TG6EIQV6W3F23XISFXSSBQMJC7FKD72AVU24,335140288,goan083,,,
New Form,5 December 2021,23:53,a7ce3eb,NRC546Y3WZGDTR3XS7N2FQD53E4JZJTJNXSY4OLPJWMNW3HN7QDUVUYHRA,370174670,goan257,,,
New Form,6 December 2021,00:26,a7ce3eb,3MKVLAAMGOTTXXXEFOPRV4BZKTX35YNBI4RFSCT2U3A3XEWUQVKOCZ7REU,328565014,goan049,,,
New Form,6 December 2021,00:28,a7ce3eb,3MKVLAAMGOTTXXXEFOPRV4BZKTX35YNBI4RFSCT2U3A3XEWUQVKOCZ7REU,328565014,goan49,,,
New Form,6 December 2021,01:12,a7ce3eb,UZR6NP5A6VYLR5UMLEEP4MLU44PZ4JFXYVPAXKR4GRXUI2LG4DFBGETU5U,351121162,goan191,,,
New Form,6 December 2021,02:35,a7ce3eb,J6ZENH3IIUO7NUZXCXUXEW3YHSCO4NXDQDSIDGJKYQYSQ3UFOWAAZ2T3XY,418222343,430,,,
New Form,6 December 2021,03:29,a7ce3eb,VH5UJGMCDD5OFES2SIUBT6Y72FV7JK7VFPIQOQOO5FMU6RLWKES4SAFWMY,328507319,goan018,,,
New Form,6 December 2021,03:30,a7ce3eb,VH5UJGMCDD5OFES2SIUBT6Y72FV7JK7VFPIQOQOO5FMU6RLWKES4SAFWMY,328507319,goan018,,,
New Form,6 December 2021,04:22,a7ce3eb,U5FP42JNKBZ5EAPMBBXJD7455SA2K4PO2OJSHM3DLCQDX7TZQHAL2NZFW4,335155248,92,,,
New Form,6 December 2021,04:37,a7ce3eb,27MWPIUXVPP6ZPPGN6D3C7HCLRU4I4F2VJNKKPOJ5ES7LOHKKZ6SPWF4M4,357807254,goan211,,,
New Form,6 December 2021,04:39,a7ce3eb,27MWPIUXVPP6ZPPGN6D3C7HCLRU4I4F2VJNKKPOJ5ES7LOHKKZ6SPWF4M4,337012363,goan100,,,
New Form,6 December 2021,05:04,a7ce3eb,TKLMISHX2Q2OTBUHEWZMHFKG6VQYZMB7HXDW7XCDSEWDDD5NZM75MXHWBQ,378189282,goan320,,,
New Form,6 December 2021,05:06,a7ce3eb,JYHPKAWXI74LRY3C47J36HEWZLCGQDR43U3EUMMPWQPN5QKPYZO4LNLYUQ,445432410,goan464,,,
New Form,6 December 2021,05:22,a7ce3eb,ORVKAW7W6RSLFSBAFFMC7H4JNPXJ3QA2VDQ575JAYCZSDEZRZ6AWJ2WAFU,435065868,446,,,
New Form,6 December 2021,06:22,a7ce3eb,ZTKV4IOTOBAHSXSJ5SVDAZ4CHMNZ44PX7BQ6NVLJMB2RB6V5YTDHYR4PJA,404269571,goan389,,,
New Form,6 December 2021,06:23,a7ce3eb,ZTKV4IOTOBAHSXSJ5SVDAZ4CHMNZ44PX7BQ6NVLJMB2RB6V5YTDHYR4PJA,404270194,goan390,,,
New Form,6 December 2021,06:24,a7ce3eb,ZTKV4IOTOBAHSXSJ5SVDAZ4CHMNZ44PX7BQ6NVLJMB2RB6V5YTDHYR4PJA,404271051,goan391,,,
New Form,6 December 2021,06:24,a7ce3eb,ZTKV4IOTOBAHSXSJ5SVDAZ4CHMNZ44PX7BQ6NVLJMB2RB6V5YTDHYR4PJA,404271649,goan392,,,
New Form,6 December 2021,06:25,a7ce3eb,ZTKV4IOTOBAHSXSJ5SVDAZ4CHMNZ44PX7BQ6NVLJMB2RB6V5YTDHYR4PJA,404272362,goan393,,,
New Form,6 December 2021,06:27,a7ce3eb,ZTKV4IOTOBAHSXSJ5SVDAZ4CHMNZ44PX7BQ6NVLJMB2RB6V5YTDHYR4PJA,404274138,goan395,,,
New Form,6 December 2021,06:27,a7ce3eb,ZTKV4IOTOBAHSXSJ5SVDAZ4CHMNZ44PX7BQ6NVLJMB2RB6V5YTDHYR4PJA,404274994,goan396,,,
New Form,6 December 2021,06:28,a7ce3eb,ZTKV4IOTOBAHSXSJ5SVDAZ4CHMNZ44PX7BQ6NVLJMB2RB6V5YTDHYR4PJA,404275773,goan397,,,
New Form,6 December 2021,06:29,a7ce3eb,ZTKV4IOTOBAHSXSJ5SVDAZ4CHMNZ44PX7BQ6NVLJMB2RB6V5YTDHYR4PJA,404277289,goan398,,,
New Form,6 December 2021,06:29,a7ce3eb,ZTKV4IOTOBAHSXSJ5SVDAZ4CHMNZ44PX7BQ6NVLJMB2RB6V5YTDHYR4PJA,404278239,goan399,,,
New Form,6 December 2021,06:29,a7ce3eb,ZTKV4IOTOBAHSXSJ5SVDAZ4CHMNZ44PX7BQ6NVLJMB2RB6V5YTDHYR4PJA,404278986,goan400,,,
New Form,6 December 2021,06:32,a7ce3eb,ZTKV4IOTOBAHSXSJ5SVDAZ4CHMNZ44PX7BQ6NVLJMB2RB6V5YTDHYR4PJA,404273247,goan394,,,